{"id":569,"created_at":"2020-06-18T04:44:24.000000Z","updated_at":"2020-06-18T05:18:56.000000Z","user_id":1,"title":"Finding great photography for lessons","library_id":171,"parameters":"{\"content\":[{\"content\":{\"params\":{\"linkWidget\":{\"protocol\":\"https:\\\/\\\/\",\"url\":\"unsplash.com\\\/\"},\"title\":\"Unsplash: The internet\\u2019s source of freely-usable images.\"},\"library\":\"H5P.Link 1.3\",\"metadata\":{\"contentType\":\"Link\",\"license\":\"U\"},\"subContentId\":\"13dd7933-485a-4a29-829c-fc60fc4f240d\"},\"useSeparator\":\"auto\"},{\"content\":{\"params\":{\"media\":{\"disableImageZooming\":false,\"type\":{\"params\":{}}},\"text\":\"<p>Fill in the blank of the missing word.<\\\/p>\\n\",\"overallFeedback\":[{\"from\":0,\"to\":100}],\"showSolutions\":\"Show solution\",\"tryAgain\":\"Retry\",\"checkAnswer\":\"Check\",\"notFilledOut\":\"Please fill in all blanks to view solution\",\"answerIsCorrect\":\"&#039;:ans&#039; is correct\",\"answerIsWrong\":\"&#039;:ans&#039; is wrong\",\"answeredCorrectly\":\"Answered correctly\",\"answeredIncorrectly\":\"Answered incorrectly\",\"solutionLabel\":\"Correct answer:\",\"inputLabel\":\"Blank input @num of @total\",\"inputHasTipLabel\":\"Tip available\",\"tipLabel\":\"Tip\",\"behaviour\":{\"enableRetry\":true,\"enableSolutionsButton\":true,\"enableCheckButton\":true,\"autoCheck\":false,\"caseSensitive\":true,\"showSolutionsRequiresInput\":true,\"separateLines\":false,\"confirmCheckDialog\":false,\"confirmRetryDialog\":false,\"acceptSpellingErrors\":false},\"scoreBarLabel\":\"You got :num out of :total points\",\"confirmCheck\":{\"header\":\"Finish ?\",\"body\":\"Are you sure you wish to finish ?\",\"cancelLabel\":\"Cancel\",\"confirmLabel\":\"Finish\"},\"confirmRetry\":{\"header\":\"Retry ?\",\"body\":\"Are you sure you wish to retry ?\",\"cancelLabel\":\"Cancel\",\"confirmLabel\":\"Confirm\"},\"questions\":[\"<p>Unsplash is internet\\u2019s source of freely usable *photography* and images. There are over 1 million free high-resolution images brought to you by the world\\u2019s most generous community of photographers. *Unsplash* hand-selects every photo and accepts only the best, so that no matter what you need\\u2014you\\u2019ll find exactly what you\\u2019re looking for on Unsplash. It's easy to search by keyword or term. We recommend using photography for thumbnails in playlists in CurrikiStudio.<\\\/p>\\n\"]},\"library\":\"H5P.Blanks 1.12\",\"metadata\":{\"contentType\":\"Fill in the Blanks\",\"license\":\"U\",\"title\":\"About Unsplash - with a fun fill in the blank quiz!\",\"authors\":[],\"changes\":[],\"extraTitle\":\"About Unsplash - with a fun fill in the blank quiz!\"},\"subContentId\":\"3d92ad47-523a-4c1d-a82c-f52f8682caa9\"},\"useSeparator\":\"auto\"},{\"content\":{\"params\":{\"contentName\":\"Image\",\"alt\":\"Unsplash homepage\",\"file\":{\"path\":\"images\\\/file-5eeaf79e81624.png\",\"mime\":\"image\\\/png\",\"copyright\":{\"license\":\"U\"},\"width\":2790,\"height\":1402}},\"library\":\"H5P.Image 1.1\",\"metadata\":{\"contentType\":\"Image\",\"license\":\"U\",\"title\":\"Unsplash\",\"authors\":[],\"changes\":[],\"extraTitle\":\"Unsplash\"},\"subContentId\":\"fae3b2c1-62e3-46a8-86eb-3b17aef8be00\"},\"useSeparator\":\"auto\"},{\"content\":{\"params\":{\"interactiveVideo\":{\"video\":{\"startScreenOptions\":{\"title\":\"Interactive Video\",\"hideStartTitle\":false},\"textTracks\":{\"videoTrack\":[{\"label\":\"Subtitles\",\"kind\":\"subtitles\",\"srcLang\":\"en\"}]},\"files\":[{\"path\":\"https:\\\/\\\/youtu.be\\\/jTea_8Fk5Ns\",\"mime\":\"video\\\/YouTube\",\"copyright\":{\"license\":\"U\"}}]},\"assets\":{\"interactions\":[],\"bookmarks\":[],\"endscreens\":[]},\"summary\":{\"task\":{\"library\":\"H5P.Summary 1.10\",\"params\":{\"intro\":\"Choose the correct statement.\",\"summaries\":[{\"subContentId\":\"6d7e9130-5dae-46da-be38-7bb61a2f3cf5\",\"tip\":\"\"}],\"overallFeedback\":[{\"from\":0,\"to\":100}],\"solvedLabel\":\"Progress:\",\"scoreLabel\":\"Wrong answers:\",\"resultLabel\":\"Your result\",\"labelCorrect\":\"Correct.\",\"labelIncorrect\":\"Incorrect! Please try again.\",\"alternativeIncorrectLabel\":\"Incorrect\",\"labelCorrectAnswers\":\"Correct answers.\",\"tipButtonLabel\":\"Show tip\",\"scoreBarLabel\":\"You got :num out of :total points\",\"progressText\":\"Progress :num of :total\"},\"subContentId\":\"01f1cc44-ceef-4790-b75c-58df5394dd25\",\"metadata\":{\"contentType\":\"Summary\",\"license\":\"U\",\"title\":\"Untitled Summary\",\"authors\":[],\"changes\":[],\"extraTitle\":\"Untitled Summary\"}},\"displayAt\":3}},\"override\":{\"autoplay\":false,\"loop\":false,\"showBookmarksmenuOnLoad\":false,\"showRewind10\":false,\"preventSkipping\":false,\"deactivateSound\":false},\"l10n\":{\"interaction\":\"Interaction\",\"play\":\"Play\",\"pause\":\"Pause\",\"mute\":\"Mute\",\"unmute\":\"Unmute\",\"quality\":\"Video Quality\",\"captions\":\"Captions\",\"close\":\"Close\",\"fullscreen\":\"Fullscreen\",\"exitFullscreen\":\"Exit Fullscreen\",\"summary\":\"Open summary dialog\",\"bookmarks\":\"Bookmarks\",\"endscreen\":\"Submit screen\",\"defaultAdaptivitySeekLabel\":\"Continue\",\"continueWithVideo\":\"Continue with video\",\"playbackRate\":\"Playback Rate\",\"rewind10\":\"Rewind 10 Seconds\",\"navDisabled\":\"Navigation is disabled\",\"sndDisabled\":\"Sound is disabled\",\"requiresCompletionWarning\":\"You need to answer all the questions correctly before continuing.\",\"back\":\"Back\",\"hours\":\"Hours\",\"minutes\":\"Minutes\",\"seconds\":\"Seconds\",\"currentTime\":\"Current time:\",\"totalTime\":\"Total time:\",\"singleInteractionAnnouncement\":\"Interaction appeared:\",\"multipleInteractionsAnnouncement\":\"Multiple interactions appeared.\",\"videoPausedAnnouncement\":\"Video is paused\",\"content\":\"Content\",\"answered\":\"@answered answered\",\"endcardTitle\":\"@answered Question(s) answered\",\"endcardInformation\":\"You have answered @answered questions, click below to submit your answers.\",\"endcardInformationNoAnswers\":\"You have not answered any questions.\",\"endcardInformationMustHaveAnswer\":\"You have to answer at least one question before you can submit your answers.\",\"endcardSubmitButton\":\"Submit Answers\",\"endcardSubmitMessage\":\"Your answers have been submitted!\",\"endcardTableRowAnswered\":\"Answered questions\",\"endcardTableRowScore\":\"Score\",\"endcardAnsweredScore\":\"answered\",\"endCardTableRowSummaryWithScore\":\"You got @score out of @total points for the @question that appeared after @minutes minutes and @seconds seconds.\",\"endCardTableRowSummaryWithoutScore\":\"You have answered the @question that appeared after @minutes minutes and @seconds seconds.\"}},\"library\":\"H5P.InteractiveVideo 1.22\",\"metadata\":{\"contentType\":\"Interactive Video\",\"license\":\"U\",\"title\":\"Unsplash Promo\",\"authors\":[],\"changes\":[],\"extraTitle\":\"Unsplash Promo\"},\"subContentId\":\"fbcc457e-7552-466d-8a20-eafa1fab97fe\"},\"useSeparator\":\"auto\"}]}","filtered":"{\"content\":[{\"content\":{\"params\":{\"linkWidget\":{\"protocol\":\"https:\\\/\\\/\",\"url\":\"unsplash.com\\\/\"},\"title\":\"Unsplash: The internet\\u2019s source of freely-usable images.\"},\"library\":\"H5P.Link 1.3\",\"metadata\":{\"contentType\":\"Link\",\"license\":\"U\"},\"subContentId\":\"13dd7933-485a-4a29-829c-fc60fc4f240d\"},\"useSeparator\":\"auto\"},{\"content\":{\"params\":{\"media\":{\"disableImageZooming\":false,\"type\":{\"params\":{}}},\"text\":\"<p>Fill in the blank of the missing word.<\\\/p>\\n\",\"overallFeedback\":[{\"from\":0,\"to\":100}],\"showSolutions\":\"Show solution\",\"tryAgain\":\"Retry\",\"checkAnswer\":\"Check\",\"notFilledOut\":\"Please fill in all blanks to view solution\",\"answerIsCorrect\":\"&#039;:ans&#039; is correct\",\"answerIsWrong\":\"&#039;:ans&#039; is wrong\",\"answeredCorrectly\":\"Answered correctly\",\"answeredIncorrectly\":\"Answered incorrectly\",\"solutionLabel\":\"Correct answer:\",\"inputLabel\":\"Blank input @num of @total\",\"inputHasTipLabel\":\"Tip available\",\"tipLabel\":\"Tip\",\"behaviour\":{\"enableRetry\":true,\"enableSolutionsButton\":true,\"enableCheckButton\":true,\"autoCheck\":false,\"caseSensitive\":true,\"showSolutionsRequiresInput\":true,\"separateLines\":false,\"confirmCheckDialog\":false,\"confirmRetryDialog\":false,\"acceptSpellingErrors\":false},\"scoreBarLabel\":\"You got :num out of :total points\",\"confirmCheck\":{\"header\":\"Finish ?\",\"body\":\"Are you sure you wish to finish ?\",\"cancelLabel\":\"Cancel\",\"confirmLabel\":\"Finish\"},\"confirmRetry\":{\"header\":\"Retry ?\",\"body\":\"Are you sure you wish to retry ?\",\"cancelLabel\":\"Cancel\",\"confirmLabel\":\"Confirm\"},\"questions\":[\"<p>Unsplash is internet\\u2019s source of freely usable *photography* and images. There are over 1 million free high-resolution images brought to you by the world\\u2019s most generous community of photographers. *Unsplash* hand-selects every photo and accepts only the best, so that no matter what you need\\u2014you\\u2019ll find exactly what you\\u2019re looking for on Unsplash. It's easy to search by keyword or term. We recommend using photography for thumbnails in playlists in CurrikiStudio.<\\\/p>\\n\"]},\"library\":\"H5P.Blanks 1.12\",\"metadata\":{\"contentType\":\"Fill in the Blanks\",\"license\":\"U\",\"title\":\"About Unsplash - with a fun fill in the blank quiz!\",\"authors\":[],\"changes\":[],\"extraTitle\":\"About Unsplash - with a fun fill in the blank quiz!\"},\"subContentId\":\"3d92ad47-523a-4c1d-a82c-f52f8682caa9\"},\"useSeparator\":\"auto\"},{\"content\":{\"params\":{\"contentName\":\"Image\",\"alt\":\"Unsplash homepage\",\"file\":{\"path\":\"images\\\/file-5eeaf79e81624.png\",\"mime\":\"image\\\/png\",\"copyright\":{\"license\":\"U\"},\"width\":2790,\"height\":1402}},\"library\":\"H5P.Image 1.1\",\"metadata\":{\"contentType\":\"Image\",\"license\":\"U\",\"title\":\"Unsplash\",\"authors\":[],\"changes\":[],\"extraTitle\":\"Unsplash\"},\"subContentId\":\"fae3b2c1-62e3-46a8-86eb-3b17aef8be00\"},\"useSeparator\":\"auto\"},{\"content\":{\"params\":{\"interactiveVideo\":{\"video\":{\"startScreenOptions\":{\"title\":\"Interactive Video\",\"hideStartTitle\":false},\"textTracks\":{\"videoTrack\":[{\"label\":\"Subtitles\",\"kind\":\"subtitles\",\"srcLang\":\"en\"}]},\"files\":[{\"path\":\"https:\\\/\\\/youtu.be\\\/jTea_8Fk5Ns\",\"mime\":\"video\\\/YouTube\",\"copyright\":{\"license\":\"U\"}}]},\"assets\":{\"interactions\":[],\"bookmarks\":[],\"endscreens\":[]},\"summary\":{\"task\":{\"library\":\"H5P.Summary 1.10\",\"params\":{\"intro\":\"Choose the correct statement.\",\"summaries\":[{\"subContentId\":\"6d7e9130-5dae-46da-be38-7bb61a2f3cf5\",\"tip\":\"\"}],\"overallFeedback\":[{\"from\":0,\"to\":100}],\"solvedLabel\":\"Progress:\",\"scoreLabel\":\"Wrong answers:\",\"resultLabel\":\"Your result\",\"labelCorrect\":\"Correct.\",\"labelIncorrect\":\"Incorrect! Please try again.\",\"alternativeIncorrectLabel\":\"Incorrect\",\"labelCorrectAnswers\":\"Correct answers.\",\"tipButtonLabel\":\"Show tip\",\"scoreBarLabel\":\"You got :num out of :total points\",\"progressText\":\"Progress :num of :total\"},\"subContentId\":\"01f1cc44-ceef-4790-b75c-58df5394dd25\",\"metadata\":{\"contentType\":\"Summary\",\"license\":\"U\",\"title\":\"Untitled Summary\",\"authors\":[],\"changes\":[],\"extraTitle\":\"Untitled Summary\"}},\"displayAt\":3}},\"override\":{\"autoplay\":false,\"loop\":false,\"showBookmarksmenuOnLoad\":false,\"showRewind10\":false,\"preventSkipping\":false,\"deactivateSound\":false},\"l10n\":{\"interaction\":\"Interaction\",\"play\":\"Play\",\"pause\":\"Pause\",\"mute\":\"Mute\",\"unmute\":\"Unmute\",\"quality\":\"Video Quality\",\"captions\":\"Captions\",\"close\":\"Close\",\"fullscreen\":\"Fullscreen\",\"exitFullscreen\":\"Exit Fullscreen\",\"summary\":\"Open summary dialog\",\"bookmarks\":\"Bookmarks\",\"endscreen\":\"Submit screen\",\"defaultAdaptivitySeekLabel\":\"Continue\",\"continueWithVideo\":\"Continue with video\",\"playbackRate\":\"Playback Rate\",\"rewind10\":\"Rewind 10 Seconds\",\"navDisabled\":\"Navigation is disabled\",\"sndDisabled\":\"Sound is disabled\",\"requiresCompletionWarning\":\"You need to answer all the questions correctly before continuing.\",\"back\":\"Back\",\"hours\":\"Hours\",\"minutes\":\"Minutes\",\"seconds\":\"Seconds\",\"currentTime\":\"Current time:\",\"totalTime\":\"Total time:\",\"singleInteractionAnnouncement\":\"Interaction appeared:\",\"multipleInteractionsAnnouncement\":\"Multiple interactions appeared.\",\"videoPausedAnnouncement\":\"Video is paused\",\"content\":\"Content\",\"answered\":\"@answered answered\",\"endcardTitle\":\"@answered Question(s) answered\",\"endcardInformation\":\"You have answered @answered questions, click below to submit your answers.\",\"endcardInformationNoAnswers\":\"You have not answered any questions.\",\"endcardInformationMustHaveAnswer\":\"You have to answer at least one question before you can submit your answers.\",\"endcardSubmitButton\":\"Submit Answers\",\"endcardSubmitMessage\":\"Your answers have been submitted!\",\"endcardTableRowAnswered\":\"Answered questions\",\"endcardTableRowScore\":\"Score\",\"endcardAnsweredScore\":\"answered\",\"endCardTableRowSummaryWithScore\":\"You got @score out of @total points for the @question that appeared after @minutes minutes and @seconds seconds.\",\"endCardTableRowSummaryWithoutScore\":\"You have answered the @question that appeared after @minutes minutes and @seconds seconds.\"}},\"library\":\"H5P.InteractiveVideo 1.22\",\"metadata\":{\"contentType\":\"Interactive Video\",\"license\":\"U\",\"title\":\"Unsplash Promo\",\"authors\":[],\"changes\":[],\"extraTitle\":\"Unsplash Promo\"},\"subContentId\":\"fbcc457e-7552-466d-8a20-eafa1fab97fe\"},\"useSeparator\":\"auto\"}]}","slug":"finding-great-photography-for-lessons","embed_type":"div","disable":9,"content_type":null,"authors":"[]","source":null,"year_from":null,"year_to":null,"license":"U","license_version":null,"license_extras":null,"author_comments":null,"changes":"[]","default_language":null,"library_title":"H5P.Column","library_major_version":1,"library_minor_version":13}