{"@context":{"c2ens":"https://c2e.curriki.org/","sdons":"https://schema.org/","xsd":"http://www.w3.org/2001/XMLSchema/#","C2E":"sdons:CreativeWork","c2eType":{"@id":"sdons:additionalType","@type":"xsd:string"},"c2eContain":{"@id":"sdons:Collection","@container":["@graph","@index"]},"c2eResources":"@graph","c2eComponents":"@graph","c2eTerm":"c2ens:terms/","c2eVendor":{"@id":"sdons:vendor","@type":"xsd:string"},"name":{"@id":"sdons:name","@type":"xsd:string"},"url":{"@id":"sdons:url","@type":"xsd:string"},"fileFormat":{"@id":"sdons:fileFormat","@type":"xsd:string"},"@language":"en","metadata":"c2eTerm:metadata","schemaVersion":{"@id":"sdons:schemaVersion","@type":"xsd:string"},"general":"c2eTerm:mdGeneral","title":{"@id":"sdons:headline","@type":"xsd:string"},"description":{"@id":"sdons:description","@type":"xsd:string"},"keywords":{"@id":"sdons:keywords","@type":"xsd:string"},"author":{"@id":"sdons:author","@type":"xsd:string"},"publisher":{"@id":"sdons:publisher","@type":"xsd:string"},"email":{"@id":"sdons:email","@type":"xsd:string"},"lifecycle":"c2eTerm:mdLifecycle","version":{"@id":"sdons:version","@type":"xsd:string"},"releaseStatus":{"@id":"sdons:creativeWorkStatus","@type":"xsd:string"},"subManifest":{"@id":"sdons:url","@type":"xsd:string"},"copyRights":"c2eTerm:copyRights","license":{"@id":"sdons:license","@type":"xsd:string"},"encodingFormat":{"@id":"sdons:encodingFormat","@type":"xsd:string"},"copyrightHolder":{"@id":"sdons:copyrightHolder","@type":"xsd:string"},"copyrightNotice":{"@id":"sdons:copyrightNotice","@type":"xsd:string"},"copyrightYear":{"@id":"sdons:copyrightYear","@type":"xsd:integer"}},"metadata":{"@id":"c2ens:c2eid-xxx/metadata","@type":"sdons:Dataset","schemaVersion":"1.0","general":{"@id":"c2ens:c2eid-xxx/metadata/general","@type":"sdons:Dataset","title":"My Smaple C2E","description":"My Smaple C2E for Proof of Concept.","keywords":"c2e, e-learning, learning experince"},"author":{"@id":"c2ens:c2eid-xxx/author/id/xxx","@type":"sdons:Person","name":"Waqar Muneer","email":"waqar@curriki.org","url":"https://twitter.com/waqarmnr"},"publisher":{"@id":"c2ens:c2eid-xxx/author/id/xxx","@type":"sdons:Organization","name":"Curriki","email":"info@curriki.org","url":"https://curriki.org"},"lifecycle":{"@id":"c2ens:c2eid-xxx/metadata/lifecycle","@type":"sdons:Code","version":"1.10","releaseStatus":"Beta"},"copyRights":{"@id":"c2ens:c2eid-xxx/metadata/copyRights","@type":"sdons:Dataset","license":{"@id":"c2ens:c2eid-xxx/license/id/xxx","@type":"sdons:DigitalDocument","encodingFormat":"application/text or any binary as per need","url":"/path/to/license.txt"},"copyrightHolder":{"@id":"c2ens:c2eid-xxx/copyrightHolder/id/xxx","@type":"sdons:Person","name":"Waqar Muneer","email":"waqar@curriki.org","url":"https://twitter.com/waqarmnr"},"copyrightNotice":"This C2E has all rights to Waqar Muneer","copyrightYear":"2023"}},"@id":"c2ens:c2eid-xxx","@type":"C2E","name":"sample-c2e","c2eType":"Activity","c2eContain":[{"@id":"c2eTerm:c2eResources","@type":"sdons:Collection","c2eResources":[{"@id":"c2ens:c2eid-xxx/resource/1","@type":"sdons:DigitalDocument","url":"578-h5p.json","fileFormat":"json"},{"@id":"c2ens:c2eid-xxx/resource/1","@type":"sdons:DigitalDocument","url":"578.json","fileFormat":"json"}]},{"@id":"c2eTerm:c2eComponents","@type":"sdons:Collection","c2eComponents":[]}]}