{"id":63776,"playlist_id":16996,"title":"Demo Video","type":"h5p","content":"place_holder","shared":true,"order":8,"created_at":"2022-08-03T20:19:50.000000Z","updated_at":"2022-08-03T20:19:50.000000Z","deleted_at":null,"is_public":false,"h5p_content_id":56622,"thumb_url":"https:\/\/images.pexels.com\/photos\/5022849\/pexels-photo-5022849.jpeg?auto=compress&cs=tinysrgb&dpr=1&fit=crop&h=200&w=280","subject_id":null,"education_level_id":null,"elasticsearch":false,"user_id":null,"organization_id":null,"description":null,"source_type":"Youtube","source_url":"https:\/\/www.youtube.com\/watch?v=ZrSK-0-MQ8s&list=RDZrSK-0-MQ8s&start_radio=1","organization_visibility_type_id":null,"cloned_from":null,"clone_ctr":0,"status":1,"indexing":null,"original_user":null,"activity_type":"ACTIVITY"}