{"id":573,"created_at":"2020-06-18T04:49:27.000000Z","updated_at":"2020-08-18T23:45:13.000000Z","user_id":1,"title":"Examples of CurrikiStudio Learning Activity Types","library_id":171,"parameters":"{\"content\":[{\"content\":{\"params\":{\"linkWidget\":{\"protocol\":\"https:\\\/\\\/\",\"url\":\"www.curriki.org\\\/library-interactions\\\/\"},\"title\":\"Curriki Studio Library Interactions\"},\"library\":\"H5P.Link 1.3\",\"metadata\":{\"contentType\":\"Link\",\"license\":\"U\"},\"subContentId\":\"2406f6e7-bb4f-4b40-8b32-2b1b4f2277e5\"},\"useSeparator\":\"auto\"},{\"content\":{\"params\":{\"contentName\":\"Image\",\"alt\":\"Try activity types\",\"file\":{\"path\":\"images\\\/file-5f3c67da4d0fa.png\",\"mime\":\"image\\\/png\",\"copyright\":{\"license\":\"U\"},\"width\":1698,\"height\":1262}},\"library\":\"H5P.Image 1.1\",\"metadata\":{\"contentType\":\"Image\",\"license\":\"U\",\"title\":\"H5P Examples Page\",\"authors\":[],\"changes\":[],\"extraTitle\":\"H5P Examples Page\"},\"subContentId\":\"0a2722c5-850f-40d7-8b45-f81b123e40c3\"},\"useSeparator\":\"auto\"}]}","filtered":"{\"content\":[{\"content\":{\"params\":{\"linkWidget\":{\"protocol\":\"https:\\\/\\\/\",\"url\":\"www.curriki.org\\\/library-interactions\\\/\"},\"title\":\"Curriki Studio Library Interactions\"},\"library\":\"H5P.Link 1.3\",\"metadata\":{\"contentType\":\"Link\",\"license\":\"U\"},\"subContentId\":\"2406f6e7-bb4f-4b40-8b32-2b1b4f2277e5\"},\"useSeparator\":\"auto\"},{\"content\":{\"params\":{\"contentName\":\"Image\",\"alt\":\"Try activity types\",\"file\":{\"path\":\"images\\\/file-5f3c67da4d0fa.png\",\"mime\":\"image\\\/png\",\"copyright\":{\"license\":\"U\"},\"width\":1698,\"height\":1262}},\"library\":\"H5P.Image 1.1\",\"metadata\":{\"contentType\":\"Image\",\"license\":\"U\",\"title\":\"H5P Examples Page\",\"authors\":[],\"changes\":[],\"extraTitle\":\"H5P Examples Page\"},\"subContentId\":\"0a2722c5-850f-40d7-8b45-f81b123e40c3\"},\"useSeparator\":\"auto\"}]}","slug":"example-interactions-from-h5p","embed_type":"div","disable":9,"content_type":null,"authors":"[]","source":null,"year_from":null,"year_to":null,"license":"U","license_version":null,"license_extras":null,"author_comments":null,"changes":"[]","default_language":null,"library_title":"H5P.Column","library_major_version":1,"library_minor_version":13}