{"id":571,"created_at":"2020-06-18T04:48:22.000000Z","updated_at":"2020-06-18T05:24:42.000000Z","user_id":1,"title":"Creating Awesome Graphics for Your Playlists","library_id":171,"parameters":"{\"content\":[{\"content\":{\"params\":{\"linkWidget\":{\"protocol\":\"https:\\\/\\\/\",\"url\":\"www.canva.com\\\/\"},\"title\":\"Canva: A graphic design platform that allows users to create graphics, presentations, posters and other visual content.\"},\"library\":\"H5P.Link 1.3\",\"metadata\":{\"contentType\":\"Link\",\"license\":\"U\"},\"subContentId\":\"4a7f2c98-1981-4fff-a5d1-26408b72a7da\"},\"useSeparator\":\"auto\"},{\"content\":{\"params\":{\"contentName\":\"Image\",\"file\":{\"path\":\"images\\\/file-5eeaf9edec1c3.png#tmp\",\"mime\":\"image\\\/png\",\"copyright\":{\"license\":\"U\"},\"width\":2746,\"height\":1422},\"alt\":\"Canva Homepage\"},\"library\":\"H5P.Image 1.1\",\"metadata\":{\"contentType\":\"Image\",\"license\":\"U\",\"title\":\"Canva Homepage\",\"authors\":[],\"changes\":[],\"extraTitle\":\"Canva Homepage\"},\"subContentId\":\"36d75a02-70f1-405e-8d17-73e4a5433ac4\"},\"useSeparator\":\"auto\"},{\"content\":{\"params\":{\"text\":\"<h2><strong>Canva has everything you need for amazing design.<\\\/strong><\\\/h2>\\n\\n<p><strong>Millions of Images:<\\\/strong> Design with millions of stock photographs, vectors and illustrations. You can even upload your own.<\\\/p>\\n\\n<p><strong>Photo Filters: <\\\/strong>Edit your photos using preset filters or get advanced with photo editing tools, you\\u2019ll never be stuck for choice.<\\\/p>\\n\\n<p><strong>Free Icons &amp; Shapes:<\\\/strong> Use icons, shapes and elements with ease. Choose from thousands of elements for your designs, or upload your own.<\\\/p>\\n\\n<p><strong>Hundreds of Fonts: <\\\/strong>Access a great selection of fonts perfect for every design. All ready to go and accessible within Canva.<\\\/p>\\n\"},\"library\":\"H5P.AdvancedText 1.1\",\"metadata\":{\"contentType\":\"Text\",\"license\":\"U\",\"title\":\"About Canva\",\"authors\":[],\"changes\":[],\"extraTitle\":\"About Canva\"},\"subContentId\":\"b304eb62-4820-4418-8259-ca3206594280\"},\"useSeparator\":\"auto\"},{\"content\":{\"params\":{\"interactiveVideo\":{\"video\":{\"startScreenOptions\":{\"title\":\"Interactive Video\",\"hideStartTitle\":false},\"textTracks\":{\"videoTrack\":[{\"label\":\"Subtitles\",\"kind\":\"subtitles\",\"srcLang\":\"en\"}]},\"files\":[{\"path\":\"https:\\\/\\\/www.youtube.com\\\/watch?v=mcIBo7FwUKo\",\"mime\":\"video\\\/YouTube\",\"copyright\":{\"license\":\"U\"},\"aspectRatio\":\"16:9\"}]},\"assets\":{\"interactions\":[],\"bookmarks\":[],\"endscreens\":[]},\"summary\":{\"task\":{\"library\":\"H5P.Summary 1.10\",\"params\":{\"intro\":\"Choose the correct statement.\",\"summaries\":[{\"subContentId\":\"dde42f3f-f074-4762-b38c-1115f3ede580\",\"tip\":\"\"}],\"overallFeedback\":[{\"from\":0,\"to\":100}],\"solvedLabel\":\"Progress:\",\"scoreLabel\":\"Wrong answers:\",\"resultLabel\":\"Your result\",\"labelCorrect\":\"Correct.\",\"labelIncorrect\":\"Incorrect! Please try again.\",\"alternativeIncorrectLabel\":\"Incorrect\",\"labelCorrectAnswers\":\"Correct answers.\",\"tipButtonLabel\":\"Show tip\",\"scoreBarLabel\":\"You got :num out of :total points\",\"progressText\":\"Progress :num of :total\"},\"subContentId\":\"ae060ca2-c087-4247-b952-4d0da5c33f35\",\"metadata\":{\"contentType\":\"Summary\",\"license\":\"U\",\"title\":\"Untitled Summary\",\"authors\":[],\"changes\":[],\"extraTitle\":\"Untitled Summary\"}},\"displayAt\":3}},\"override\":{\"autoplay\":false,\"loop\":false,\"showBookmarksmenuOnLoad\":false,\"showRewind10\":false,\"preventSkipping\":false,\"deactivateSound\":false},\"l10n\":{\"interaction\":\"Interaction\",\"play\":\"Play\",\"pause\":\"Pause\",\"mute\":\"Mute\",\"unmute\":\"Unmute\",\"quality\":\"Video Quality\",\"captions\":\"Captions\",\"close\":\"Close\",\"fullscreen\":\"Fullscreen\",\"exitFullscreen\":\"Exit Fullscreen\",\"summary\":\"Open summary dialog\",\"bookmarks\":\"Bookmarks\",\"endscreen\":\"Submit screen\",\"defaultAdaptivitySeekLabel\":\"Continue\",\"continueWithVideo\":\"Continue with video\",\"playbackRate\":\"Playback Rate\",\"rewind10\":\"Rewind 10 Seconds\",\"navDisabled\":\"Navigation is disabled\",\"sndDisabled\":\"Sound is disabled\",\"requiresCompletionWarning\":\"You need to answer all the questions correctly before continuing.\",\"back\":\"Back\",\"hours\":\"Hours\",\"minutes\":\"Minutes\",\"seconds\":\"Seconds\",\"currentTime\":\"Current time:\",\"totalTime\":\"Total time:\",\"singleInteractionAnnouncement\":\"Interaction appeared:\",\"multipleInteractionsAnnouncement\":\"Multiple interactions appeared.\",\"videoPausedAnnouncement\":\"Video is paused\",\"content\":\"Content\",\"answered\":\"@answered answered\",\"endcardTitle\":\"@answered Question(s) answered\",\"endcardInformation\":\"You have answered @answered questions, click below to submit your answers.\",\"endcardInformationNoAnswers\":\"You have not answered any questions.\",\"endcardInformationMustHaveAnswer\":\"You have to answer at least one question before you can submit your answers.\",\"endcardSubmitButton\":\"Submit Answers\",\"endcardSubmitMessage\":\"Your answers have been submitted!\",\"endcardTableRowAnswered\":\"Answered questions\",\"endcardTableRowScore\":\"Score\",\"endcardAnsweredScore\":\"answered\",\"endCardTableRowSummaryWithScore\":\"You got @score out of @total points for the @question that appeared after @minutes minutes and @seconds seconds.\",\"endCardTableRowSummaryWithoutScore\":\"You have answered the @question that appeared after @minutes minutes and @seconds seconds.\"}},\"library\":\"H5P.InteractiveVideo 1.22\",\"metadata\":{\"contentType\":\"Interactive Video\",\"license\":\"U\",\"title\":\"Detailed Video on Using Canva\",\"authors\":[],\"changes\":[],\"extraTitle\":\"Detailed Video on Using Canva\"},\"subContentId\":\"95e50955-98e2-4fc2-aa45-a57992510d7d\"},\"useSeparator\":\"auto\"}]}","filtered":"{\"content\":[{\"content\":{\"params\":{\"linkWidget\":{\"protocol\":\"https:\\\/\\\/\",\"url\":\"www.canva.com\\\/\"},\"title\":\"Canva: A graphic design platform that allows users to create graphics, presentations, posters and other visual content.\"},\"library\":\"H5P.Link 1.3\",\"metadata\":{\"contentType\":\"Link\",\"license\":\"U\"},\"subContentId\":\"4a7f2c98-1981-4fff-a5d1-26408b72a7da\"},\"useSeparator\":\"auto\"},{\"content\":{\"params\":{\"contentName\":\"Image\",\"file\":{\"path\":\"images\\\/file-5eeaf9edec1c3.png#tmp\",\"mime\":\"image\\\/png\",\"copyright\":{\"license\":\"U\"},\"width\":2746,\"height\":1422},\"alt\":\"Canva Homepage\"},\"library\":\"H5P.Image 1.1\",\"metadata\":{\"contentType\":\"Image\",\"license\":\"U\",\"title\":\"Canva Homepage\",\"authors\":[],\"changes\":[],\"extraTitle\":\"Canva Homepage\"},\"subContentId\":\"36d75a02-70f1-405e-8d17-73e4a5433ac4\"},\"useSeparator\":\"auto\"},{\"content\":{\"params\":{\"text\":\"<h2><strong>Canva has everything you need for amazing design.<\\\/strong><\\\/h2>\\n\\n<p><strong>Millions of Images:<\\\/strong> Design with millions of stock photographs, vectors and illustrations. You can even upload your own.<\\\/p>\\n\\n<p><strong>Photo Filters: <\\\/strong>Edit your photos using preset filters or get advanced with photo editing tools, you\\u2019ll never be stuck for choice.<\\\/p>\\n\\n<p><strong>Free Icons &amp; Shapes:<\\\/strong> Use icons, shapes and elements with ease. Choose from thousands of elements for your designs, or upload your own.<\\\/p>\\n\\n<p><strong>Hundreds of Fonts: <\\\/strong>Access a great selection of fonts perfect for every design. All ready to go and accessible within Canva.<\\\/p>\\n\"},\"library\":\"H5P.AdvancedText 1.1\",\"metadata\":{\"contentType\":\"Text\",\"license\":\"U\",\"title\":\"About Canva\",\"authors\":[],\"changes\":[],\"extraTitle\":\"About Canva\"},\"subContentId\":\"b304eb62-4820-4418-8259-ca3206594280\"},\"useSeparator\":\"auto\"},{\"content\":{\"params\":{\"interactiveVideo\":{\"video\":{\"startScreenOptions\":{\"title\":\"Interactive Video\",\"hideStartTitle\":false},\"textTracks\":{\"videoTrack\":[{\"label\":\"Subtitles\",\"kind\":\"subtitles\",\"srcLang\":\"en\"}]},\"files\":[{\"path\":\"https:\\\/\\\/www.youtube.com\\\/watch?v=mcIBo7FwUKo\",\"mime\":\"video\\\/YouTube\",\"copyright\":{\"license\":\"U\"},\"aspectRatio\":\"16:9\"}]},\"assets\":{\"interactions\":[],\"bookmarks\":[],\"endscreens\":[]},\"summary\":{\"task\":{\"library\":\"H5P.Summary 1.10\",\"params\":{\"intro\":\"Choose the correct statement.\",\"summaries\":[{\"subContentId\":\"dde42f3f-f074-4762-b38c-1115f3ede580\",\"tip\":\"\"}],\"overallFeedback\":[{\"from\":0,\"to\":100}],\"solvedLabel\":\"Progress:\",\"scoreLabel\":\"Wrong answers:\",\"resultLabel\":\"Your result\",\"labelCorrect\":\"Correct.\",\"labelIncorrect\":\"Incorrect! Please try again.\",\"alternativeIncorrectLabel\":\"Incorrect\",\"labelCorrectAnswers\":\"Correct answers.\",\"tipButtonLabel\":\"Show tip\",\"scoreBarLabel\":\"You got :num out of :total points\",\"progressText\":\"Progress :num of :total\"},\"subContentId\":\"ae060ca2-c087-4247-b952-4d0da5c33f35\",\"metadata\":{\"contentType\":\"Summary\",\"license\":\"U\",\"title\":\"Untitled Summary\",\"authors\":[],\"changes\":[],\"extraTitle\":\"Untitled Summary\"}},\"displayAt\":3}},\"override\":{\"autoplay\":false,\"loop\":false,\"showBookmarksmenuOnLoad\":false,\"showRewind10\":false,\"preventSkipping\":false,\"deactivateSound\":false},\"l10n\":{\"interaction\":\"Interaction\",\"play\":\"Play\",\"pause\":\"Pause\",\"mute\":\"Mute\",\"unmute\":\"Unmute\",\"quality\":\"Video Quality\",\"captions\":\"Captions\",\"close\":\"Close\",\"fullscreen\":\"Fullscreen\",\"exitFullscreen\":\"Exit Fullscreen\",\"summary\":\"Open summary dialog\",\"bookmarks\":\"Bookmarks\",\"endscreen\":\"Submit screen\",\"defaultAdaptivitySeekLabel\":\"Continue\",\"continueWithVideo\":\"Continue with video\",\"playbackRate\":\"Playback Rate\",\"rewind10\":\"Rewind 10 Seconds\",\"navDisabled\":\"Navigation is disabled\",\"sndDisabled\":\"Sound is disabled\",\"requiresCompletionWarning\":\"You need to answer all the questions correctly before continuing.\",\"back\":\"Back\",\"hours\":\"Hours\",\"minutes\":\"Minutes\",\"seconds\":\"Seconds\",\"currentTime\":\"Current time:\",\"totalTime\":\"Total time:\",\"singleInteractionAnnouncement\":\"Interaction appeared:\",\"multipleInteractionsAnnouncement\":\"Multiple interactions appeared.\",\"videoPausedAnnouncement\":\"Video is paused\",\"content\":\"Content\",\"answered\":\"@answered answered\",\"endcardTitle\":\"@answered Question(s) answered\",\"endcardInformation\":\"You have answered @answered questions, click below to submit your answers.\",\"endcardInformationNoAnswers\":\"You have not answered any questions.\",\"endcardInformationMustHaveAnswer\":\"You have to answer at least one question before you can submit your answers.\",\"endcardSubmitButton\":\"Submit Answers\",\"endcardSubmitMessage\":\"Your answers have been submitted!\",\"endcardTableRowAnswered\":\"Answered questions\",\"endcardTableRowScore\":\"Score\",\"endcardAnsweredScore\":\"answered\",\"endCardTableRowSummaryWithScore\":\"You got @score out of @total points for the @question that appeared after @minutes minutes and @seconds seconds.\",\"endCardTableRowSummaryWithoutScore\":\"You have answered the @question that appeared after @minutes minutes and @seconds seconds.\"}},\"library\":\"H5P.InteractiveVideo 1.22\",\"metadata\":{\"contentType\":\"Interactive Video\",\"license\":\"U\",\"title\":\"Detailed Video on Using Canva\",\"authors\":[],\"changes\":[],\"extraTitle\":\"Detailed Video on Using Canva\"},\"subContentId\":\"95e50955-98e2-4fc2-aa45-a57992510d7d\"},\"useSeparator\":\"auto\"}]}","slug":"creating-awesome-graphics-for-your-playlists","embed_type":"div","disable":9,"content_type":null,"authors":"[]","source":null,"year_from":null,"year_to":null,"license":"U","license_version":null,"license_extras":null,"author_comments":null,"changes":"[]","default_language":null,"library_title":"H5P.Column","library_major_version":1,"library_minor_version":13}