{"id":56618,"created_at":null,"updated_at":null,"user_id":921,"title":"Sailing Uma","library_id":162,"parameters":"{\"interactiveVideo\":{\"video\":{\"startScreenOptions\":{\"title\":\"Interactive Video\",\"hideStartTitle\":false},\"textTracks\":{\"videoTrack\":[{\"label\":\"Subtitles\",\"kind\":\"subtitles\",\"srcLang\":\"en\"}]},\"files\":[{\"path\":\"https:\\\/\\\/www.youtube.com\\\/watch?v=sadC0zxoUms&amp;t=96s\",\"mime\":\"video\\\/YouTube\",\"copyright\":{\"license\":\"U\"}}]},\"assets\":{\"interactions\":[{\"x\":47.81659388646288,\"y\":46.12403100775194,\"width\":10,\"height\":10,\"duration\":{\"from\":353.943,\"to\":363.943},\"libraryTitle\":\"Free Text Question\",\"action\":{\"library\":\"H5P.FreeTextQuestion 1.0\",\"params\":{\"placeholder\":\"Enter your response here\",\"maxScore\":1,\"isRequired\":false,\"i10n\":{\"requiredText\":\"required\",\"requiredMessage\":\"This question requires an answer\",\"skipButtonLabel\":\"Skip Question\",\"submitButtonLabel\":\"Answer and proceed\",\"language\":\"en\"},\"question\":\"Free Text Question\"},\"subContentId\":\"5d17f886-977d-4887-8b4e-705d7cc39c19\",\"metadata\":{\"contentType\":\"Free Text Question\",\"license\":\"U\",\"title\":\"Untitled Free Text Question\",\"authors\":[],\"changes\":[],\"extraTitle\":\"Untitled Free Text Question\"}},\"pause\":true,\"displayType\":\"poster\",\"buttonOnMobile\":false,\"label\":\"\"}],\"bookmarks\":[],\"endscreens\":[]},\"summary\":{\"task\":{\"library\":\"H5P.Summary 1.10\",\"params\":{\"intro\":\"Choose the correct statement.\",\"summaries\":[{\"subContentId\":\"82392ec7-8efe-4fea-8d6b-56491c45536a\",\"tip\":\"\"}],\"overallFeedback\":[{\"from\":0,\"to\":100}],\"solvedLabel\":\"Progress:\",\"scoreLabel\":\"Wrong answers:\",\"resultLabel\":\"Your result\",\"labelCorrect\":\"Correct.\",\"labelIncorrect\":\"Incorrect! Please try again.\",\"alternativeIncorrectLabel\":\"Incorrect\",\"labelCorrectAnswers\":\"Correct answers.\",\"tipButtonLabel\":\"Show tip\",\"scoreBarLabel\":\"You got :num out of :total points\",\"progressText\":\"Progress :num of :total\"},\"subContentId\":\"93922629-0405-446b-a45a-d93c2b39ed13\",\"metadata\":{\"contentType\":\"Summary\",\"license\":\"U\",\"title\":\"Untitled Summary\",\"authors\":[],\"changes\":[],\"extraTitle\":\"Untitled Summary\"}},\"displayAt\":3}},\"override\":{\"autoplay\":false,\"loop\":false,\"showBookmarksmenuOnLoad\":false,\"showRewind10\":false,\"preventSkipping\":false,\"deactivateSound\":false},\"l10n\":{\"interaction\":\"Interaction\",\"play\":\"Play\",\"pause\":\"Pause\",\"mute\":\"Mute\",\"unmute\":\"Unmute\",\"quality\":\"Video Quality\",\"captions\":\"Captions\",\"close\":\"Close\",\"fullscreen\":\"Fullscreen\",\"exitFullscreen\":\"Exit Fullscreen\",\"summary\":\"Open summary dialog\",\"bookmarks\":\"Bookmarks\",\"endscreen\":\"Submit screen\",\"defaultAdaptivitySeekLabel\":\"Continue\",\"continueWithVideo\":\"Continue with video\",\"playbackRate\":\"Playback Rate\",\"rewind10\":\"Rewind 10 Seconds\",\"navDisabled\":\"Navigation is disabled\",\"sndDisabled\":\"Sound is disabled\",\"requiresCompletionWarning\":\"You need to answer all the questions correctly before continuing.\",\"back\":\"Back\",\"hours\":\"Hours\",\"minutes\":\"Minutes\",\"seconds\":\"Seconds\",\"currentTime\":\"Current time:\",\"totalTime\":\"Total time:\",\"singleInteractionAnnouncement\":\"Interaction appeared:\",\"multipleInteractionsAnnouncement\":\"Multiple interactions appeared.\",\"videoPausedAnnouncement\":\"Video is paused\",\"content\":\"Content\",\"answered\":\"@answered answered\",\"endcardTitle\":\"@answered Question(s) answered\",\"endcardInformation\":\"You have answered @answered questions, click below to submit your answers.\",\"endcardInformationNoAnswers\":\"You have not answered any questions.\",\"endcardInformationMustHaveAnswer\":\"You have to answer at least one question before you can submit your answers.\",\"endcardSubmitButton\":\"Submit Answers\",\"endcardSubmitMessage\":\"Your answers have been submitted!\",\"endcardTableRowAnswered\":\"Answered questions\",\"endcardTableRowScore\":\"Score\",\"endcardAnsweredScore\":\"answered\",\"endCardTableRowSummaryWithScore\":\"You got @score out of @total points for the @question that appeared after @minutes minutes and @seconds seconds.\",\"endCardTableRowSummaryWithoutScore\":\"You have answered the @question that appeared after @minutes minutes and @seconds seconds.\"}}","filtered":"{\"interactiveVideo\":{\"video\":{\"startScreenOptions\":{\"title\":\"Interactive Video\",\"hideStartTitle\":false},\"textTracks\":{\"videoTrack\":[{\"label\":\"Subtitles\",\"kind\":\"subtitles\",\"srcLang\":\"en\"}]},\"files\":[{\"path\":\"https:\\\/\\\/www.youtube.com\\\/watch?v=sadC0zxoUms&amp;t=96s\",\"mime\":\"video\\\/YouTube\",\"copyright\":{\"license\":\"U\"}}]},\"assets\":{\"interactions\":[{\"x\":47.81659388646288,\"y\":46.12403100775194,\"width\":10,\"height\":10,\"duration\":{\"from\":353.943,\"to\":363.943},\"libraryTitle\":\"Free Text Question\",\"action\":{\"library\":\"H5P.FreeTextQuestion 1.0\",\"params\":{\"placeholder\":\"Enter your response here\",\"maxScore\":1,\"isRequired\":false,\"i10n\":{\"requiredText\":\"required\",\"requiredMessage\":\"This question requires an answer\",\"skipButtonLabel\":\"Skip Question\",\"submitButtonLabel\":\"Answer and proceed\",\"language\":\"en\"},\"question\":\"Free Text Question\"},\"subContentId\":\"5d17f886-977d-4887-8b4e-705d7cc39c19\",\"metadata\":{\"contentType\":\"Free Text Question\",\"license\":\"U\",\"title\":\"Untitled Free Text Question\"}},\"pause\":true,\"displayType\":\"poster\",\"buttonOnMobile\":false,\"label\":\"\"}]},\"summary\":{\"task\":{\"library\":\"H5P.Summary 1.10\",\"params\":{\"intro\":\"Choose the correct statement.\",\"summaries\":[{\"subContentId\":\"82392ec7-8efe-4fea-8d6b-56491c45536a\",\"tip\":\"\"}],\"overallFeedback\":[{\"from\":0,\"to\":100}],\"solvedLabel\":\"Progress:\",\"scoreLabel\":\"Wrong answers:\",\"resultLabel\":\"Your result\",\"labelCorrect\":\"Correct.\",\"labelIncorrect\":\"Incorrect! Please try again.\",\"alternativeIncorrectLabel\":\"Incorrect\",\"labelCorrectAnswers\":\"Correct answers.\",\"tipButtonLabel\":\"Show tip\",\"scoreBarLabel\":\"You got :num out of :total points\",\"progressText\":\"Progress :num of :total\"},\"subContentId\":\"93922629-0405-446b-a45a-d93c2b39ed13\",\"metadata\":{\"contentType\":\"Summary\",\"license\":\"U\",\"title\":\"Untitled Summary\"}},\"displayAt\":3}},\"override\":{\"autoplay\":false,\"loop\":false,\"showBookmarksmenuOnLoad\":false,\"showRewind10\":false,\"preventSkipping\":false,\"deactivateSound\":false},\"l10n\":{\"interaction\":\"Interaction\",\"play\":\"Play\",\"pause\":\"Pause\",\"mute\":\"Mute\",\"unmute\":\"Unmute\",\"quality\":\"Video Quality\",\"captions\":\"Captions\",\"close\":\"Close\",\"fullscreen\":\"Fullscreen\",\"exitFullscreen\":\"Exit Fullscreen\",\"summary\":\"Open summary dialog\",\"bookmarks\":\"Bookmarks\",\"endscreen\":\"Submit screen\",\"defaultAdaptivitySeekLabel\":\"Continue\",\"continueWithVideo\":\"Continue with video\",\"playbackRate\":\"Playback Rate\",\"rewind10\":\"Rewind 10 Seconds\",\"navDisabled\":\"Navigation is disabled\",\"sndDisabled\":\"Sound is disabled\",\"requiresCompletionWarning\":\"You need to answer all the questions correctly before continuing.\",\"back\":\"Back\",\"hours\":\"Hours\",\"minutes\":\"Minutes\",\"seconds\":\"Seconds\",\"currentTime\":\"Current time:\",\"totalTime\":\"Total time:\",\"singleInteractionAnnouncement\":\"Interaction appeared:\",\"multipleInteractionsAnnouncement\":\"Multiple interactions appeared.\",\"videoPausedAnnouncement\":\"Video is paused\",\"content\":\"Content\",\"answered\":\"@answered answered\",\"endcardTitle\":\"@answered Question(s) answered\",\"endcardInformation\":\"You have answered @answered questions, click below to submit your answers.\",\"endcardInformationNoAnswers\":\"You have not answered any questions.\",\"endcardInformationMustHaveAnswer\":\"You have to answer at least one question before you can submit your answers.\",\"endcardSubmitButton\":\"Submit Answers\",\"endcardSubmitMessage\":\"Your answers have been submitted!\",\"endcardTableRowAnswered\":\"Answered questions\",\"endcardTableRowScore\":\"Score\",\"endcardAnsweredScore\":\"answered\",\"endCardTableRowSummaryWithScore\":\"You got @score out of @total points for the @question that appeared after @minutes minutes and @seconds seconds.\",\"endCardTableRowSummaryWithoutScore\":\"You have answered the @question that appeared after @minutes minutes and @seconds seconds.\"}}","slug":"sailing-uma","embed_type":"div","disable":9,"content_type":null,"authors":"[]","source":null,"year_from":null,"year_to":null,"license":"U","license_version":null,"license_extras":null,"author_comments":null,"changes":"[]","default_language":null,"library_title":"H5P.InteractiveVideo","library_major_version":1,"library_minor_version":22}