{
  "id": 16996,
  "title": "HowToSail",
  "project_id": 8392,
  "order": 0,
  "created_at": "2022-08-03T20:19:50.000000Z",
  "updated_at": "2022-08-03T20:19:50.000000Z",
  "deleted_at": null,
  "is_public": false,
  "elasticsearch": false,
  "shared": true,
  "activity_count": 10,
  "activities": [
    {
      "id": 63775,
      "playlist_id": 16996,
      "title": "Demo",
      "type": "h5p",
      "content": "place_holder",
      "shared": true,
      "order": 9,
      "created_at": "2022-08-03T20:19:50.000000Z",
      "updated_at": "2022-08-03T20:19:50.000000Z",
      "deleted_at": null,
      "is_public": false,
      "h5p_content_id": 56621,
      "thumb_url": "https://images.pexels.com/photos/2249961/pexels-photo-2249961.jpeg?auto=compress&cs=tinysrgb&dpr=1&fit=crop&h=200&w=280",
      "subject_id": null,
      "education_level_id": null,
      "elasticsearch": false,
      "user_id": null,
      "organization_id": null,
      "description": null,
      "source_type": "Youtube",
      "source_url": "https://www.youtube.com/watch?v=ZrSK-0-MQ8s&list=RDZrSK-0-MQ8s&start_radio=1",
      "organization_visibility_type_id": null,
      "cloned_from": null,
      "clone_ctr": 0,
      "status": 1,
      "indexing": null,
      "original_user": null,
      "activity_type": "ACTIVITY"
    },
    {
      "id": 63776,
      "playlist_id": 16996,
      "title": "Demo Video",
      "type": "h5p",
      "content": "place_holder",
      "shared": true,
      "order": 8,
      "created_at": "2022-08-03T20:19:50.000000Z",
      "updated_at": "2022-08-03T20:19:50.000000Z",
      "deleted_at": null,
      "is_public": false,
      "h5p_content_id": 56622,
      "thumb_url": "https://images.pexels.com/photos/5022849/pexels-photo-5022849.jpeg?auto=compress&cs=tinysrgb&dpr=1&fit=crop&h=200&w=280",
      "subject_id": null,
      "education_level_id": null,
      "elasticsearch": false,
      "user_id": null,
      "organization_id": null,
      "description": null,
      "source_type": "Youtube",
      "source_url": "https://www.youtube.com/watch?v=ZrSK-0-MQ8s&list=RDZrSK-0-MQ8s&start_radio=1",
      "organization_visibility_type_id": null,
      "cloned_from": null,
      "clone_ctr": 0,
      "status": 1,
      "indexing": null,
      "original_user": null,
      "activity_type": "ACTIVITY"
    },
    {
      "id": 63777,
      "playlist_id": 16996,
      "title": "Drag and Drop",
      "type": "h5p",
      "content": "place_holder",
      "shared": true,
      "order": 7,
      "created_at": "2022-08-03T20:19:50.000000Z",
      "updated_at": "2022-08-03T20:19:50.000000Z",
      "deleted_at": null,
      "is_public": false,
      "h5p_content_id": 56623,
      "thumb_url": "/storage/activities/62ead8662d7c6.png",
      "subject_id": null,
      "education_level_id": null,
      "elasticsearch": false,
      "user_id": null,
      "organization_id": null,
      "description": null,
      "source_type": null,
      "source_url": null,
      "organization_visibility_type_id": null,
      "cloned_from": null,
      "clone_ctr": 0,
      "status": 1,
      "indexing": null,
      "original_user": null,
      "activity_type": "ACTIVITY"
    },
    {
      "id": 63778,
      "playlist_id": 16996,
      "title": "Physics of Sailing",
      "type": "h5p",
      "content": "place_holder",
      "shared": true,
      "order": 2,
      "created_at": "2022-08-03T20:19:50.000000Z",
      "updated_at": "2022-08-03T20:19:50.000000Z",
      "deleted_at": null,
      "is_public": false,
      "h5p_content_id": 56624,
      "thumb_url": "https://images.pexels.com/photos/37859/sailing-ship-vessel-boat-sea-37859.jpeg?auto=compress&cs=tinysrgb&dpr=1&fit=crop&h=200&w=280",
      "subject_id": "Science",
      "education_level_id": "Grades 11-12 (Ages 16-18)",
      "elasticsearch": false,
      "user_id": null,
      "organization_id": null,
      "description": null,
      "source_type": null,
      "source_url": null,
      "organization_visibility_type_id": null,
      "cloned_from": null,
      "clone_ctr": 0,
      "status": 1,
      "indexing": null,
      "original_user": null,
      "activity_type": "ACTIVITY"
    },
    {
      "id": 63779,
      "playlist_id": 16996,
      "title": "Physics of Sailing-COPY",
      "type": "h5p",
      "content": "create",
      "shared": true,
      "order": 3,
      "created_at": "2022-08-03T20:19:50.000000Z",
      "updated_at": "2022-08-03T20:19:50.000000Z",
      "deleted_at": null,
      "is_public": false,
      "h5p_content_id": 56625,
      "thumb_url": "https://images.pexels.com/photos/37859/sailing-ship-vessel-boat-sea-37859.jpeg?auto=compress&cs=tinysrgb&dpr=1&fit=crop&h=200&w=280",
      "subject_id": "Science",
      "education_level_id": "Grades 11-12 (Ages 16-18)",
      "elasticsearch": false,
      "user_id": null,
      "organization_id": null,
      "description": null,
      "source_type": null,
      "source_url": null,
      "organization_visibility_type_id": null,
      "cloned_from": null,
      "clone_ctr": 0,
      "status": 1,
      "indexing": null,
      "original_user": null,
      "activity_type": "ACTIVITY"
    },
    {
      "id": 63780,
      "playlist_id": 16996,
      "title": "Points of Sail",
      "type": "h5p",
      "content": "place_holder",
      "shared": true,
      "order": 0,
      "created_at": "2022-08-03T20:19:50.000000Z",
      "updated_at": "2022-08-03T20:19:50.000000Z",
      "deleted_at": null,
      "is_public": false,
      "h5p_content_id": 56626,
      "thumb_url": "https://images.pexels.com/photos/273886/pexels-photo-273886.jpeg?auto=compress&cs=tinysrgb&dpr=1&fit=crop&h=200&w=280",
      "subject_id": "Science",
      "education_level_id": "Grades 9-10 (Ages 14-16)",
      "elasticsearch": false,
      "user_id": null,
      "organization_id": null,
      "description": null,
      "source_type": null,
      "source_url": null,
      "organization_visibility_type_id": null,
      "cloned_from": null,
      "clone_ctr": 0,
      "status": 1,
      "indexing": null,
      "original_user": null,
      "activity_type": "ACTIVITY"
    },
    {
      "id": 63781,
      "playlist_id": 16996,
      "title": "Points of Sail:Close Hauled",
      "type": "h5p",
      "content": "place_holder",
      "shared": true,
      "order": 1,
      "created_at": "2022-08-03T20:19:50.000000Z",
      "updated_at": "2022-08-03T20:19:50.000000Z",
      "deleted_at": null,
      "is_public": false,
      "h5p_content_id": 56627,
      "thumb_url": "https://images.pexels.com/photos/5022849/pexels-photo-5022849.jpeg?auto=compress&cs=tinysrgb&dpr=1&fit=crop&h=200&w=280",
      "subject_id": null,
      "education_level_id": null,
      "elasticsearch": false,
      "user_id": null,
      "organization_id": null,
      "description": null,
      "source_type": null,
      "source_url": null,
      "organization_visibility_type_id": null,
      "cloned_from": null,
      "clone_ctr": 0,
      "status": 1,
      "indexing": null,
      "original_user": null,
      "activity_type": "ACTIVITY"
    },
    {
      "id": 63782,
      "playlist_id": 16996,
      "title": "Sailing with Sam Holmes",
      "type": "h5p",
      "content": "create",
      "shared": true,
      "order": 4,
      "created_at": "2022-08-03T20:19:50.000000Z",
      "updated_at": "2022-08-03T20:19:50.000000Z",
      "deleted_at": null,
      "is_public": false,
      "h5p_content_id": 56628,
      "thumb_url": "https://images.pexels.com/photos/1586804/pexels-photo-1586804.jpeg?auto=compress&cs=tinysrgb&dpr=1&fit=crop&h=200&w=280",
      "subject_id": null,
      "education_level_id": null,
      "elasticsearch": false,
      "user_id": null,
      "organization_id": null,
      "description": null,
      "source_type": null,
      "source_url": null,
      "organization_visibility_type_id": null,
      "cloned_from": null,
      "clone_ctr": 0,
      "status": 1,
      "indexing": null,
      "original_user": null,
      "activity_type": "ACTIVITY"
    },
    {
      "id": 63783,
      "playlist_id": 16996,
      "title": "Test Course Presentation",
      "type": "h5p",
      "content": "place_holder",
      "shared": true,
      "order": 5,
      "created_at": "2022-08-03T20:19:50.000000Z",
      "updated_at": "2022-08-03T20:19:50.000000Z",
      "deleted_at": null,
      "is_public": false,
      "h5p_content_id": 56629,
      "thumb_url": "https://images.pexels.com/photos/5905922/pexels-photo-5905922.jpeg?auto=compress&cs=tinysrgb&dpr=1&fit=crop&h=200&w=280",
      "subject_id": "Mathematics",
      "education_level_id": "Grades 6-8 (Ages 11-13)",
      "elasticsearch": false,
      "user_id": null,
      "organization_id": null,
      "description": null,
      "source_type": null,
      "source_url": null,
      "organization_visibility_type_id": null,
      "cloned_from": null,
      "clone_ctr": 0,
      "status": 1,
      "indexing": null,
      "original_user": null,
      "activity_type": "ACTIVITY"
    },
    {
      "id": 63784,
      "playlist_id": 16996,
      "title": "Test Interactve Book",
      "type": "h5p",
      "content": "place_holder",
      "shared": true,
      "order": 6,
      "created_at": "2022-08-03T20:19:50.000000Z",
      "updated_at": "2022-08-03T20:19:50.000000Z",
      "deleted_at": null,
      "is_public": false,
      "h5p_content_id": 56630,
      "thumb_url": "https://images.pexels.com/photos/5255201/pexels-photo-5255201.jpeg?auto=compress&cs=tinysrgb&dpr=1&fit=crop&h=200&w=280",
      "subject_id": "Language Arts",
      "education_level_id": "Grades 9-10 (Ages 14-16)",
      "elasticsearch": false,
      "user_id": null,
      "organization_id": null,
      "description": null,
      "source_type": null,
      "source_url": null,
      "organization_visibility_type_id": null,
      "cloned_from": null,
      "clone_ctr": 0,
      "status": 1,
      "indexing": null,
      "original_user": null,
      "activity_type": "ACTIVITY"
    }
  ]
}
