{"id":56615,"created_at":null,"updated_at":null,"user_id":921,"title":"Edx Demo","library_id":162,"parameters":"{\"interactiveVideo\":{\"video\":{\"files\":[{\"copyright\":{\"license\":\"U\"},\"mime\":\"video\\\/YouTube\",\"path\":\"https:\\\/\\\/www.youtube.com\\\/watch?v=ZrSK-0-MQ8s&list=RDZrSK-0-MQ8s&start_radio=1\"}],\"startScreenOptions\":{\"title\":\"Interactive Video\",\"hideStartTitle\":false},\"textTracks\":{\"videoTrack\":[{\"label\":\"Subtitles\",\"kind\":\"subtitles\",\"srcLang\":\"en\"}]}},\"assets\":{\"interactions\":[{\"x\":39.301310043668124,\"y\":23.300278990781173,\"width\":13.973799126637555,\"height\":14.41048034934498,\"duration\":{\"from\":84.358,\"to\":94.358},\"libraryTitle\":\"True\\\/False Question\",\"action\":{\"library\":\"H5P.TrueFalse 1.6\",\"params\":{\"media\":{\"disableImageZooming\":false,\"type\":{\"params\":{}}},\"correct\":\"true\",\"behaviour\":{\"enableRetry\":true,\"enableSolutionsButton\":true,\"enableCheckButton\":true,\"confirmCheckDialog\":false,\"confirmRetryDialog\":false,\"autoCheck\":false},\"l10n\":{\"trueText\":\"True\",\"falseText\":\"False\",\"score\":\"You got @score of @total points\",\"checkAnswer\":\"Check\",\"showSolutionButton\":\"Show solution\",\"tryAgain\":\"Retry\",\"wrongAnswerMessage\":\"Wrong answer\",\"correctAnswerMessage\":\"Correct answer\",\"scoreBarLabel\":\"You got :num out of :total points\",\"a11yCheck\":\"Check the answers. The responses will be marked as correct, incorrect, or unanswered.\",\"a11yShowSolution\":\"Show the solution. The task will be marked with its correct solution.\",\"a11yRetry\":\"Retry the task. Reset all responses and start the task over again.\"},\"currikisettings\":{\"disableSubmitButton\":false,\"placeholder\":false,\"currikil10n\":{\"submitAnswer\":\"Submit\",\"placeholderButton\":\"Placeholder\"}},\"confirmCheck\":{\"header\":\"Finish ?\",\"body\":\"Are you sure you wish to finish ?\",\"cancelLabel\":\"Cancel\",\"confirmLabel\":\"Finish\"},\"confirmRetry\":{\"header\":\"Retry ?\",\"body\":\"Are you sure you wish to retry ?\",\"cancelLabel\":\"Cancel\",\"confirmLabel\":\"Confirm\"},\"question\":\"<p>JOhn Prine wrote&nbsp;this<\\\/p>\\n\"},\"subContentId\":\"6117f5e8-80cc-471d-b838-9af3ee73ac2a\",\"metadata\":{\"contentType\":\"True\\\/False Question\",\"license\":\"U\",\"title\":\"Untitled True\\\/False Question\",\"authors\":[],\"changes\":[],\"extraTitle\":\"Untitled True\\\/False Question\"}},\"pause\":true,\"displayType\":\"poster\",\"buttonOnMobile\":false,\"adaptivity\":{\"correct\":{\"allowOptOut\":false,\"message\":\"\"},\"wrong\":{\"allowOptOut\":false,\"message\":\"\"},\"requireCompletion\":false},\"label\":\"\"}],\"bookmarks\":[],\"endscreens\":[{\"time\":464,\"label\":\"7:44 Submit screen\"}]},\"summary\":{\"task\":{\"library\":\"H5P.Summary 1.10\",\"params\":{\"intro\":\"Choose the correct statement.\",\"summaries\":[{\"subContentId\":\"17a40d3e-550c-4a8e-a0ed-0dc71ecefddd\",\"tip\":\"\"}],\"overallFeedback\":[{\"from\":0,\"to\":100}],\"solvedLabel\":\"Progress:\",\"scoreLabel\":\"Wrong answers:\",\"resultLabel\":\"Your result\",\"labelCorrect\":\"Correct.\",\"labelIncorrect\":\"Incorrect! Please try again.\",\"alternativeIncorrectLabel\":\"Incorrect\",\"labelCorrectAnswers\":\"Correct answers.\",\"tipButtonLabel\":\"Show tip\",\"scoreBarLabel\":\"You got :num out of :total points\",\"progressText\":\"Progress :num of :total\"},\"subContentId\":\"49f1cc6b-84f5-439a-aad2-9584f4cf0e24\",\"metadata\":{\"contentType\":\"Summary\",\"license\":\"U\",\"title\":\"Untitled Summary\",\"authors\":[],\"changes\":[],\"extraTitle\":\"Untitled Summary\"}},\"displayAt\":3}},\"override\":{\"autoplay\":false,\"loop\":false,\"showBookmarksmenuOnLoad\":false,\"showRewind10\":false,\"preventSkipping\":false,\"deactivateSound\":false},\"l10n\":{\"interaction\":\"Interaction\",\"play\":\"Play\",\"pause\":\"Pause\",\"mute\":\"Mute\",\"unmute\":\"Unmute\",\"quality\":\"Video Quality\",\"captions\":\"Captions\",\"close\":\"Close\",\"fullscreen\":\"Fullscreen\",\"exitFullscreen\":\"Exit Fullscreen\",\"summary\":\"Open summary dialog\",\"bookmarks\":\"Bookmarks\",\"endscreen\":\"Submit screen\",\"defaultAdaptivitySeekLabel\":\"Continue\",\"continueWithVideo\":\"Continue with video\",\"playbackRate\":\"Playback Rate\",\"rewind10\":\"Rewind 10 Seconds\",\"navDisabled\":\"Navigation is disabled\",\"sndDisabled\":\"Sound is disabled\",\"requiresCompletionWarning\":\"You need to answer all the questions correctly before continuing.\",\"back\":\"Back\",\"hours\":\"Hours\",\"minutes\":\"Minutes\",\"seconds\":\"Seconds\",\"currentTime\":\"Current time:\",\"totalTime\":\"Total time:\",\"singleInteractionAnnouncement\":\"Interaction appeared:\",\"multipleInteractionsAnnouncement\":\"Multiple interactions appeared.\",\"videoPausedAnnouncement\":\"Video is paused\",\"content\":\"Content\",\"answered\":\"@answered answered\",\"endcardTitle\":\"@answered Question(s) answered\",\"endcardInformation\":\"You have answered @answered questions, click below to submit your answers.\",\"endcardInformationNoAnswers\":\"You have not answered any questions.\",\"endcardInformationMustHaveAnswer\":\"You have to answer at least one question before you can submit your answers.\",\"endcardSubmitButton\":\"Submit Answers\",\"endcardSubmitMessage\":\"Your answers have been submitted!\",\"endcardTableRowAnswered\":\"Answered questions\",\"endcardTableRowScore\":\"Score\",\"endcardAnsweredScore\":\"answered\",\"endCardTableRowSummaryWithScore\":\"You got @score out of @total points for the @question that appeared after @minutes minutes and @seconds seconds.\",\"endCardTableRowSummaryWithoutScore\":\"You have answered the @question that appeared after @minutes minutes and @seconds seconds.\"}}","filtered":"{\"interactiveVideo\":{\"video\":{\"files\":[{\"copyright\":{\"license\":\"U\"},\"mime\":\"video\\\/YouTube\",\"path\":\"https:\\\/\\\/www.youtube.com\\\/watch?v=ZrSK-0-MQ8s&amp;list=RDZrSK-0-MQ8s&amp;start_radio=1\"}],\"startScreenOptions\":{\"title\":\"Interactive Video\",\"hideStartTitle\":false},\"textTracks\":{\"videoTrack\":[{\"label\":\"Subtitles\",\"kind\":\"subtitles\",\"srcLang\":\"en\"}]}},\"assets\":{\"interactions\":[{\"x\":39.301310043668124,\"y\":23.300278990781173,\"width\":13.973799126637555,\"height\":14.41048034934498,\"duration\":{\"from\":84.358,\"to\":94.358},\"libraryTitle\":\"True\\\/False Question\",\"action\":{\"library\":\"H5P.TrueFalse 1.6\",\"params\":{\"media\":{\"disableImageZooming\":false},\"correct\":\"true\",\"behaviour\":{\"enableRetry\":true,\"enableSolutionsButton\":true,\"enableCheckButton\":true,\"confirmCheckDialog\":false,\"confirmRetryDialog\":false,\"autoCheck\":false},\"l10n\":{\"trueText\":\"True\",\"falseText\":\"False\",\"score\":\"You got @score of @total points\",\"checkAnswer\":\"Check\",\"showSolutionButton\":\"Show solution\",\"tryAgain\":\"Retry\",\"wrongAnswerMessage\":\"Wrong answer\",\"correctAnswerMessage\":\"Correct answer\",\"scoreBarLabel\":\"You got :num out of :total points\",\"a11yCheck\":\"Check the answers. The responses will be marked as correct, incorrect, or unanswered.\",\"a11yShowSolution\":\"Show the solution. The task will be marked with its correct solution.\",\"a11yRetry\":\"Retry the task. Reset all responses and start the task over again.\"},\"currikisettings\":{\"disableSubmitButton\":false,\"placeholder\":false,\"currikil10n\":{\"submitAnswer\":\"Submit\",\"placeholderButton\":\"Placeholder\"}},\"confirmCheck\":{\"header\":\"Finish ?\",\"body\":\"Are you sure you wish to finish ?\",\"cancelLabel\":\"Cancel\",\"confirmLabel\":\"Finish\"},\"confirmRetry\":{\"header\":\"Retry ?\",\"body\":\"Are you sure you wish to retry ?\",\"cancelLabel\":\"Cancel\",\"confirmLabel\":\"Confirm\"},\"question\":\"<p>JOhn Prine wrote&nbsp;this<\\\/p>\\n\"},\"subContentId\":\"6117f5e8-80cc-471d-b838-9af3ee73ac2a\",\"metadata\":{\"contentType\":\"True\\\/False Question\",\"license\":\"U\",\"title\":\"Untitled True\\\/False Question\"}},\"pause\":true,\"displayType\":\"poster\",\"buttonOnMobile\":false,\"adaptivity\":{\"correct\":{\"allowOptOut\":false,\"message\":\"\"},\"wrong\":{\"allowOptOut\":false,\"message\":\"\"},\"requireCompletion\":false},\"label\":\"\"}],\"endscreens\":[{\"time\":464,\"label\":\"7:44 Submit screen\"}]},\"summary\":{\"task\":{\"library\":\"H5P.Summary 1.10\",\"params\":{\"intro\":\"Choose the correct statement.\",\"summaries\":[{\"subContentId\":\"17a40d3e-550c-4a8e-a0ed-0dc71ecefddd\",\"tip\":\"\"}],\"overallFeedback\":[{\"from\":0,\"to\":100}],\"solvedLabel\":\"Progress:\",\"scoreLabel\":\"Wrong answers:\",\"resultLabel\":\"Your result\",\"labelCorrect\":\"Correct.\",\"labelIncorrect\":\"Incorrect! Please try again.\",\"alternativeIncorrectLabel\":\"Incorrect\",\"labelCorrectAnswers\":\"Correct answers.\",\"tipButtonLabel\":\"Show tip\",\"scoreBarLabel\":\"You got :num out of :total points\",\"progressText\":\"Progress :num of :total\"},\"subContentId\":\"49f1cc6b-84f5-439a-aad2-9584f4cf0e24\",\"metadata\":{\"contentType\":\"Summary\",\"license\":\"U\",\"title\":\"Untitled Summary\"}},\"displayAt\":3}},\"override\":{\"autoplay\":false,\"loop\":false,\"showBookmarksmenuOnLoad\":false,\"showRewind10\":false,\"preventSkipping\":false,\"deactivateSound\":false},\"l10n\":{\"interaction\":\"Interaction\",\"play\":\"Play\",\"pause\":\"Pause\",\"mute\":\"Mute\",\"unmute\":\"Unmute\",\"quality\":\"Video Quality\",\"captions\":\"Captions\",\"close\":\"Close\",\"fullscreen\":\"Fullscreen\",\"exitFullscreen\":\"Exit Fullscreen\",\"summary\":\"Open summary dialog\",\"bookmarks\":\"Bookmarks\",\"endscreen\":\"Submit screen\",\"defaultAdaptivitySeekLabel\":\"Continue\",\"continueWithVideo\":\"Continue with video\",\"playbackRate\":\"Playback Rate\",\"rewind10\":\"Rewind 10 Seconds\",\"navDisabled\":\"Navigation is disabled\",\"sndDisabled\":\"Sound is disabled\",\"requiresCompletionWarning\":\"You need to answer all the questions correctly before continuing.\",\"back\":\"Back\",\"hours\":\"Hours\",\"minutes\":\"Minutes\",\"seconds\":\"Seconds\",\"currentTime\":\"Current time:\",\"totalTime\":\"Total time:\",\"singleInteractionAnnouncement\":\"Interaction appeared:\",\"multipleInteractionsAnnouncement\":\"Multiple interactions appeared.\",\"videoPausedAnnouncement\":\"Video is paused\",\"content\":\"Content\",\"answered\":\"@answered answered\",\"endcardTitle\":\"@answered Question(s) answered\",\"endcardInformation\":\"You have answered @answered questions, click below to submit your answers.\",\"endcardInformationNoAnswers\":\"You have not answered any questions.\",\"endcardInformationMustHaveAnswer\":\"You have to answer at least one question before you can submit your answers.\",\"endcardSubmitButton\":\"Submit Answers\",\"endcardSubmitMessage\":\"Your answers have been submitted!\",\"endcardTableRowAnswered\":\"Answered questions\",\"endcardTableRowScore\":\"Score\",\"endcardAnsweredScore\":\"answered\",\"endCardTableRowSummaryWithScore\":\"You got @score out of @total points for the @question that appeared after @minutes minutes and @seconds seconds.\",\"endCardTableRowSummaryWithoutScore\":\"You have answered the @question that appeared after @minutes minutes and @seconds seconds.\"}}","slug":"edx-demo","embed_type":"div","disable":9,"content_type":null,"authors":"[]","source":null,"year_from":null,"year_to":null,"license":"U","license_version":null,"license_extras":null,"author_comments":null,"changes":"[]","default_language":null,"library_title":"H5P.InteractiveVideo","library_major_version":1,"library_minor_version":22}