{"id":570,"created_at":"2020-06-18T04:46:10.000000Z","updated_at":"2020-06-18T05:19:37.000000Z","user_id":1,"title":"Curriki Learning Program Outline Template","library_id":171,"parameters":"{\"content\":[{\"content\":{\"params\":{\"linkWidget\":{\"protocol\":\"https:\\\/\\\/\",\"url\":\"docs.google.com\\\/document\\\/d\\\/1b68VT_saonlUwmc7MHMmffu8ZZGlFplzmHj-ITwV5mI\\\/edit?usp=sharing\"},\"title\":\"Curriki Learning Program Outline Template\"},\"library\":\"H5P.Link 1.3\",\"metadata\":{\"contentType\":\"Link\",\"license\":\"U\"},\"subContentId\":\"96a9716a-83bb-4276-b874-0698ee1756ff\"},\"useSeparator\":\"auto\"},{\"content\":{\"params\":{\"contentName\":\"Image\",\"file\":{\"path\":\"images\\\/file-5eeaf96337e69.png#tmp\",\"mime\":\"image\\\/png\",\"copyright\":{\"license\":\"U\"},\"width\":1824,\"height\":1426},\"alt\":\"Template (View-only Google Doc)\"},\"library\":\"H5P.Image 1.1\",\"metadata\":{\"contentType\":\"Image\",\"license\":\"U\",\"title\":\"Template (View-only Google Doc)\",\"authors\":[],\"changes\":[],\"extraTitle\":\"Template (View-only Google Doc)\"},\"subContentId\":\"c41f9b03-c62f-4b31-9631-7c55cb65bc20\"},\"useSeparator\":\"auto\"}]}","filtered":"{\"content\":[{\"content\":{\"params\":{\"linkWidget\":{\"protocol\":\"https:\\\/\\\/\",\"url\":\"docs.google.com\\\/document\\\/d\\\/1b68VT_saonlUwmc7MHMmffu8ZZGlFplzmHj-ITwV5mI\\\/edit?usp=sharing\"},\"title\":\"Curriki Learning Program Outline Template\"},\"library\":\"H5P.Link 1.3\",\"metadata\":{\"contentType\":\"Link\",\"license\":\"U\"},\"subContentId\":\"96a9716a-83bb-4276-b874-0698ee1756ff\"},\"useSeparator\":\"auto\"},{\"content\":{\"params\":{\"contentName\":\"Image\",\"file\":{\"path\":\"images\\\/file-5eeaf96337e69.png#tmp\",\"mime\":\"image\\\/png\",\"copyright\":{\"license\":\"U\"},\"width\":1824,\"height\":1426},\"alt\":\"Template (View-only Google Doc)\"},\"library\":\"H5P.Image 1.1\",\"metadata\":{\"contentType\":\"Image\",\"license\":\"U\",\"title\":\"Template (View-only Google Doc)\",\"authors\":[],\"changes\":[],\"extraTitle\":\"Template (View-only Google Doc)\"},\"subContentId\":\"c41f9b03-c62f-4b31-9631-7c55cb65bc20\"},\"useSeparator\":\"auto\"}]}","slug":"curriki-learning-program-outline-template","embed_type":"div","disable":9,"content_type":null,"authors":"[]","source":null,"year_from":null,"year_to":null,"license":"U","license_version":null,"license_extras":null,"author_comments":null,"changes":"[]","default_language":null,"library_title":"H5P.Column","library_major_version":1,"library_minor_version":13}