{"id":56626,"created_at":null,"updated_at":null,"user_id":921,"title":"Points of Sail","library_id":162,"parameters":"{\"interactiveVideo\":{\"video\":{\"startScreenOptions\":{\"title\":\"Interactive Video\",\"hideStartTitle\":false},\"textTracks\":{\"videoTrack\":[{\"label\":\"Subtitles\",\"kind\":\"subtitles\",\"srcLang\":\"en\"}]},\"files\":[{\"path\":\"https:\\\/\\\/youtu.be\\\/Ow-P45DpHj8\",\"mime\":\"video\\\/YouTube\",\"copyright\":{\"license\":\"U\"}}]},\"assets\":{\"interactions\":[{\"x\":45.851528384279476,\"y\":9.70873786407767,\"width\":10.91703056768559,\"height\":13.537117903930131,\"duration\":{\"from\":5,\"to\":10},\"libraryTitle\":\"True\\\/False Question\",\"action\":{\"library\":\"H5P.TrueFalse 1.6\",\"params\":{\"media\":{\"disableImageZooming\":false},\"correct\":\"true\",\"behaviour\":{\"enableRetry\":true,\"enableSolutionsButton\":true,\"enableCheckButton\":true,\"confirmCheckDialog\":false,\"confirmRetryDialog\":false,\"autoCheck\":false},\"l10n\":{\"trueText\":\"True\",\"falseText\":\"False\",\"score\":\"You got @score of @total points\",\"checkAnswer\":\"Check\",\"showSolutionButton\":\"Show solution\",\"tryAgain\":\"Retry\",\"wrongAnswerMessage\":\"Wrong answer\",\"correctAnswerMessage\":\"Correct answer\",\"scoreBarLabel\":\"You got :num out of :total points\",\"a11yCheck\":\"Check the answers. The responses will be marked as correct, incorrect, or unanswered.\",\"a11yShowSolution\":\"Show the solution. The task will be marked with its correct solution.\",\"a11yRetry\":\"Retry the task. Reset all responses and start the task over again.\"},\"confirmCheck\":{\"header\":\"Finish ?\",\"body\":\"Are you sure you wish to finish ?\",\"cancelLabel\":\"Cancel\",\"confirmLabel\":\"Finish\"},\"confirmRetry\":{\"header\":\"Retry ?\",\"body\":\"Are you sure you wish to retry ?\",\"cancelLabel\":\"Cancel\",\"confirmLabel\":\"Confirm\"},\"question\":\"<p>Sailing is fun!<\\\/p>\\n\",\"currikisettings\":{\"disableSubmitButton\":false,\"placeholder\":false,\"currikil10n\":{\"submitAnswer\":\"Submit\",\"placeholderButton\":\"Placeholder\"}}},\"subContentId\":\"0485f51a-4bcf-444f-8a62-8dff2855983a\",\"metadata\":{\"contentType\":\"True\\\/False Question\",\"license\":\"U\",\"title\":\"True\\\/False Question\"}},\"pause\":true,\"displayType\":\"poster\",\"buttonOnMobile\":false,\"adaptivity\":{\"correct\":{\"allowOptOut\":false,\"message\":\"\"},\"wrong\":{\"allowOptOut\":false,\"message\":\"\"},\"requireCompletion\":false},\"label\":\"\"},{\"x\":47.81659388646288,\"y\":46.10894941634241,\"width\":10,\"height\":10,\"duration\":{\"from\":43,\"to\":53},\"libraryTitle\":\"Fill in the Blanks\",\"action\":{\"library\":\"H5P.Blanks 1.12\",\"params\":{\"media\":{\"disableImageZooming\":false},\"text\":\"Fill in the missing words\",\"overallFeedback\":[{\"from\":0,\"to\":100}],\"showSolutions\":\"Show solution\",\"tryAgain\":\"Retry\",\"checkAnswer\":\"Check\",\"notFilledOut\":\"Please fill in all blanks to view solution\",\"answerIsCorrect\":\"&#039;:ans&#039; is correct\",\"answerIsWrong\":\"&#039;:ans&#039; is wrong\",\"answeredCorrectly\":\"Answered correctly\",\"answeredIncorrectly\":\"Answered incorrectly\",\"solutionLabel\":\"Correct answer:\",\"inputLabel\":\"Blank input @num of @total\",\"inputHasTipLabel\":\"Tip available\",\"tipLabel\":\"Tip\",\"behaviour\":{\"enableRetry\":true,\"enableSolutionsButton\":true,\"enableCheckButton\":true,\"autoCheck\":false,\"caseSensitive\":true,\"showSolutionsRequiresInput\":true,\"separateLines\":false,\"confirmCheckDialog\":false,\"confirmRetryDialog\":false,\"acceptSpellingErrors\":false},\"scoreBarLabel\":\"You got :num out of :total points\",\"a11yCheck\":\"Check the answers. The responses will be marked as correct, incorrect, or unanswered.\",\"a11yShowSolution\":\"Show the solution. The task will be marked with its correct solution.\",\"a11yRetry\":\"Retry the task. Reset all responses and start the task over again.\",\"a11yCheckingModeHeader\":\"Checking mode\",\"confirmCheck\":{\"header\":\"Finish ?\",\"body\":\"Are you sure you wish to finish ?\",\"cancelLabel\":\"Cancel\",\"confirmLabel\":\"Finish\"},\"confirmRetry\":{\"header\":\"Retry ?\",\"body\":\"Are you sure you wish to retry ?\",\"cancelLabel\":\"Cancel\",\"confirmLabel\":\"Confirm\"},\"questions\":[\"<p>Lisbon is the capital of *Portugal*<\\\/p>\\n\"],\"currikisettings\":{\"disableSubmitButton\":false,\"placeholder\":false,\"currikil10n\":{\"submitAnswer\":\"Submit\",\"placeholderButton\":\"Placeholder\"}}},\"subContentId\":\"a494012c-7775-4ba0-bc57-e3f0430c8fa8\",\"metadata\":{\"contentType\":\"Fill in the Blanks\",\"license\":\"U\",\"title\":\"Where are we?\"}},\"pause\":false,\"displayType\":\"button\",\"buttonOnMobile\":false,\"adaptivity\":{\"correct\":{\"allowOptOut\":false,\"message\":\"\"},\"wrong\":{\"allowOptOut\":false,\"message\":\"\"},\"requireCompletion\":false},\"label\":\"<p>Where Are we?<\\\/p>\\n\"},{\"x\":47.81659388646288,\"y\":46.11650485436893,\"width\":10,\"height\":10,\"duration\":{\"from\":127.309,\"to\":137.309},\"libraryTitle\":\"Multiple Choice\",\"action\":{\"library\":\"H5P.MultiChoice 1.14\",\"params\":{\"media\":{\"disableImageZooming\":false},\"answers\":[{\"correct\":true,\"tipsAndFeedback\":{\"tip\":\"\",\"chosenFeedback\":\"\",\"notChosenFeedback\":\"\"},\"text\":\"<div>Beam Reach<\\\/div>\\n\"},{\"correct\":false,\"tipsAndFeedback\":{\"tip\":\"\",\"chosenFeedback\":\"\",\"notChosenFeedback\":\"\"},\"text\":\"<div>Close Hull<\\\/div>\\n\"},{\"correct\":false,\"tipsAndFeedback\":{\"tip\":\"\",\"chosenFeedback\":\"\",\"notChosenFeedback\":\"\"},\"text\":\"<div>Broad Reach<\\\/div>\\n\"}],\"overallFeedback\":[{\"from\":0,\"to\":100}],\"behaviour\":{\"enableRetry\":true,\"enableSolutionsButton\":true,\"enableCheckButton\":true,\"type\":\"auto\",\"singlePoint\":false,\"randomAnswers\":true,\"showSolutionsRequiresInput\":true,\"confirmCheckDialog\":false,\"confirmRetryDialog\":false,\"autoCheck\":false,\"passPercentage\":100,\"showScorePoints\":true},\"UI\":{\"checkAnswerButton\":\"Check\",\"showSolutionButton\":\"Show solution\",\"tryAgainButton\":\"Retry\",\"tipsLabel\":\"Show tip\",\"scoreBarLabel\":\"You got :num out of :total points\",\"tipAvailable\":\"Tip available\",\"feedbackAvailable\":\"Feedback available\",\"readFeedback\":\"Read feedback\",\"wrongAnswer\":\"Wrong answer\",\"correctAnswer\":\"Correct answer\",\"shouldCheck\":\"Should have been checked\",\"shouldNotCheck\":\"Should not have been checked\",\"noInput\":\"Please answer before viewing the solution\",\"a11yCheck\":\"Check the answers. The responses will be marked as correct, incorrect, or unanswered.\",\"a11yShowSolution\":\"Show the solution. The task will be marked with its correct solution.\",\"a11yRetry\":\"Retry the task. Reset all responses and start the task over again.\"},\"confirmCheck\":{\"header\":\"Finish ?\",\"body\":\"Are you sure you wish to finish ?\",\"cancelLabel\":\"Cancel\",\"confirmLabel\":\"Finish\"},\"confirmRetry\":{\"header\":\"Retry ?\",\"body\":\"Are you sure you wish to retry ?\",\"cancelLabel\":\"Cancel\",\"confirmLabel\":\"Confirm\"},\"question\":\"<p>What is the fastest point of sail<\\\/p>\\n\"},\"subContentId\":\"75309ac0-91c2-4559-b601-f422d4456f5e\",\"metadata\":{\"contentType\":\"Multiple Choice\",\"license\":\"U\",\"title\":\"Point of Sail Multiple Choice\"}},\"pause\":false,\"displayType\":\"button\",\"buttonOnMobile\":false,\"adaptivity\":{\"correct\":{\"allowOptOut\":false,\"message\":\"\"},\"wrong\":{\"allowOptOut\":false,\"message\":\"\"},\"requireCompletion\":false},\"label\":\"<p>Fastest Point of Sail<\\\/p>\\n\"}],\"endscreens\":[{\"time\":0,\"label\":\"0:00 Submit screen\"},{\"time\":142.296531,\"label\":\"2:22 Submit screen\"}]},\"summary\":{\"task\":{\"library\":\"H5P.Summary 1.10\",\"params\":{\"intro\":\"Choose the correct statement.\",\"summaries\":[{\"subContentId\":\"f89e86a9-c073-4098-9a7b-d2f46fd8b013\",\"tip\":\"\"}],\"overallFeedback\":[{\"from\":0,\"to\":100}],\"solvedLabel\":\"Progress:\",\"scoreLabel\":\"Wrong answers:\",\"resultLabel\":\"Your result\",\"labelCorrect\":\"Correct.\",\"labelIncorrect\":\"Incorrect! Please try again.\",\"alternativeIncorrectLabel\":\"Incorrect\",\"labelCorrectAnswers\":\"Correct answers.\",\"tipButtonLabel\":\"Show tip\",\"scoreBarLabel\":\"You got :num out of :total points\",\"progressText\":\"Progress :num of :total\"},\"subContentId\":\"96829368-8f2b-4d05-94e1-5cd43e4f7967\",\"metadata\":{\"contentType\":\"Summary\",\"license\":\"U\",\"title\":\"Untitled Summary\"}},\"displayAt\":3}},\"override\":{\"autoplay\":false,\"loop\":false,\"showBookmarksmenuOnLoad\":false,\"showRewind10\":false,\"preventSkipping\":false,\"deactivateSound\":false},\"l10n\":{\"interaction\":\"Interaction\",\"play\":\"Play\",\"pause\":\"Pause\",\"mute\":\"Mute\",\"unmute\":\"Unmute\",\"quality\":\"Video Quality\",\"captions\":\"Captions\",\"close\":\"Close\",\"fullscreen\":\"Fullscreen\",\"exitFullscreen\":\"Exit Fullscreen\",\"summary\":\"Open summary dialog\",\"bookmarks\":\"Bookmarks\",\"endscreen\":\"Submit screen\",\"defaultAdaptivitySeekLabel\":\"Continue\",\"continueWithVideo\":\"Continue with video\",\"playbackRate\":\"Playback Rate\",\"rewind10\":\"Rewind 10 Seconds\",\"navDisabled\":\"Navigation is disabled\",\"sndDisabled\":\"Sound is disabled\",\"requiresCompletionWarning\":\"You need to answer all the questions correctly before continuing.\",\"back\":\"Back\",\"hours\":\"Hours\",\"minutes\":\"Minutes\",\"seconds\":\"Seconds\",\"currentTime\":\"Current time:\",\"totalTime\":\"Total time:\",\"singleInteractionAnnouncement\":\"Interaction appeared:\",\"multipleInteractionsAnnouncement\":\"Multiple interactions appeared.\",\"videoPausedAnnouncement\":\"Video is paused\",\"content\":\"Content\",\"answered\":\"@answered answered\",\"endcardTitle\":\"@answered Question(s) answered\",\"endcardInformation\":\"You have answered @answered questions, click below to submit your answers.\",\"endcardInformationNoAnswers\":\"You have not answered any questions.\",\"endcardInformationMustHaveAnswer\":\"You have to answer at least one question before you can submit your answers.\",\"endcardSubmitButton\":\"Submit Answers\",\"endcardSubmitMessage\":\"Your answers have been submitted!\",\"endcardTableRowAnswered\":\"Answered questions\",\"endcardTableRowScore\":\"Score\",\"endcardAnsweredScore\":\"answered\",\"endCardTableRowSummaryWithScore\":\"You got @score out of @total points for the @question that appeared after @minutes minutes and @seconds seconds.\",\"endCardTableRowSummaryWithoutScore\":\"You have answered the @question that appeared after @minutes minutes and @seconds seconds.\"}}","filtered":"{\"interactiveVideo\":{\"video\":{\"startScreenOptions\":{\"title\":\"Interactive Video\",\"hideStartTitle\":false},\"textTracks\":{\"videoTrack\":[{\"label\":\"Subtitles\",\"kind\":\"subtitles\",\"srcLang\":\"en\"}]},\"files\":[{\"path\":\"https:\\\/\\\/youtu.be\\\/Ow-P45DpHj8\",\"mime\":\"video\\\/YouTube\",\"copyright\":{\"license\":\"U\"}}]},\"assets\":{\"interactions\":[{\"x\":45.851528384279476,\"y\":9.70873786407767,\"width\":10.91703056768559,\"height\":13.537117903930131,\"duration\":{\"from\":5,\"to\":10},\"libraryTitle\":\"True\\\/False Question\",\"action\":{\"library\":\"H5P.TrueFalse 1.6\",\"params\":{\"media\":{\"disableImageZooming\":false},\"correct\":\"true\",\"behaviour\":{\"enableRetry\":true,\"enableSolutionsButton\":true,\"enableCheckButton\":true,\"confirmCheckDialog\":false,\"confirmRetryDialog\":false,\"autoCheck\":false},\"l10n\":{\"trueText\":\"True\",\"falseText\":\"False\",\"score\":\"You got @score of @total points\",\"checkAnswer\":\"Check\",\"showSolutionButton\":\"Show solution\",\"tryAgain\":\"Retry\",\"wrongAnswerMessage\":\"Wrong answer\",\"correctAnswerMessage\":\"Correct answer\",\"scoreBarLabel\":\"You got :num out of :total points\",\"a11yCheck\":\"Check the answers. The responses will be marked as correct, incorrect, or unanswered.\",\"a11yShowSolution\":\"Show the solution. The task will be marked with its correct solution.\",\"a11yRetry\":\"Retry the task. Reset all responses and start the task over again.\"},\"confirmCheck\":{\"header\":\"Finish ?\",\"body\":\"Are you sure you wish to finish ?\",\"cancelLabel\":\"Cancel\",\"confirmLabel\":\"Finish\"},\"confirmRetry\":{\"header\":\"Retry ?\",\"body\":\"Are you sure you wish to retry ?\",\"cancelLabel\":\"Cancel\",\"confirmLabel\":\"Confirm\"},\"question\":\"<p>Sailing is fun!<\\\/p>\\n\",\"currikisettings\":{\"disableSubmitButton\":false,\"placeholder\":false,\"currikil10n\":{\"submitAnswer\":\"Submit\",\"placeholderButton\":\"Placeholder\"}}},\"subContentId\":\"0485f51a-4bcf-444f-8a62-8dff2855983a\",\"metadata\":{\"contentType\":\"True\\\/False Question\",\"license\":\"U\",\"title\":\"True\\\/False Question\"}},\"pause\":true,\"displayType\":\"poster\",\"buttonOnMobile\":false,\"adaptivity\":{\"correct\":{\"allowOptOut\":false,\"message\":\"\"},\"wrong\":{\"allowOptOut\":false,\"message\":\"\"},\"requireCompletion\":false},\"label\":\"\"},{\"x\":47.81659388646288,\"y\":46.10894941634241,\"width\":10,\"height\":10,\"duration\":{\"from\":43,\"to\":53},\"libraryTitle\":\"Fill in the Blanks\",\"action\":{\"library\":\"H5P.Blanks 1.12\",\"params\":{\"media\":{\"disableImageZooming\":false},\"text\":\"Fill in the missing words\",\"overallFeedback\":[{\"from\":0,\"to\":100}],\"showSolutions\":\"Show solution\",\"tryAgain\":\"Retry\",\"checkAnswer\":\"Check\",\"notFilledOut\":\"Please fill in all blanks to view solution\",\"answerIsCorrect\":\"&#039;:ans&#039; is correct\",\"answerIsWrong\":\"&#039;:ans&#039; is wrong\",\"answeredCorrectly\":\"Answered correctly\",\"answeredIncorrectly\":\"Answered incorrectly\",\"solutionLabel\":\"Correct answer:\",\"inputLabel\":\"Blank input @num of @total\",\"inputHasTipLabel\":\"Tip available\",\"tipLabel\":\"Tip\",\"behaviour\":{\"enableRetry\":true,\"enableSolutionsButton\":true,\"enableCheckButton\":true,\"autoCheck\":false,\"caseSensitive\":true,\"showSolutionsRequiresInput\":true,\"separateLines\":false,\"confirmCheckDialog\":false,\"confirmRetryDialog\":false,\"acceptSpellingErrors\":false},\"scoreBarLabel\":\"You got :num out of :total points\",\"a11yCheck\":\"Check the answers. The responses will be marked as correct, incorrect, or unanswered.\",\"a11yShowSolution\":\"Show the solution. The task will be marked with its correct solution.\",\"a11yRetry\":\"Retry the task. Reset all responses and start the task over again.\",\"a11yCheckingModeHeader\":\"Checking mode\",\"confirmCheck\":{\"header\":\"Finish ?\",\"body\":\"Are you sure you wish to finish ?\",\"cancelLabel\":\"Cancel\",\"confirmLabel\":\"Finish\"},\"confirmRetry\":{\"header\":\"Retry ?\",\"body\":\"Are you sure you wish to retry ?\",\"cancelLabel\":\"Cancel\",\"confirmLabel\":\"Confirm\"},\"questions\":[\"<p>Lisbon is the capital of *Portugal*<\\\/p>\\n\"],\"currikisettings\":{\"disableSubmitButton\":false,\"placeholder\":false,\"currikil10n\":{\"submitAnswer\":\"Submit\",\"placeholderButton\":\"Placeholder\"}}},\"subContentId\":\"a494012c-7775-4ba0-bc57-e3f0430c8fa8\",\"metadata\":{\"contentType\":\"Fill in the Blanks\",\"license\":\"U\",\"title\":\"Where are we?\"}},\"pause\":false,\"displayType\":\"button\",\"buttonOnMobile\":false,\"adaptivity\":{\"correct\":{\"allowOptOut\":false,\"message\":\"\"},\"wrong\":{\"allowOptOut\":false,\"message\":\"\"},\"requireCompletion\":false},\"label\":\"<p>Where Are we?<\\\/p>\\n\"},{\"x\":47.81659388646288,\"y\":46.11650485436893,\"width\":10,\"height\":10,\"duration\":{\"from\":127.309,\"to\":137.309},\"libraryTitle\":\"Multiple Choice\",\"action\":{\"library\":\"H5P.MultiChoice 1.14\",\"params\":{\"media\":{\"disableImageZooming\":false},\"answers\":[{\"correct\":true,\"tipsAndFeedback\":{\"tip\":\"\",\"chosenFeedback\":\"\",\"notChosenFeedback\":\"\"},\"text\":\"<div>Beam Reach<\\\/div>\\n\"},{\"correct\":false,\"tipsAndFeedback\":{\"tip\":\"\",\"chosenFeedback\":\"\",\"notChosenFeedback\":\"\"},\"text\":\"<div>Close Hull<\\\/div>\\n\"},{\"correct\":false,\"tipsAndFeedback\":{\"tip\":\"\",\"chosenFeedback\":\"\",\"notChosenFeedback\":\"\"},\"text\":\"<div>Broad Reach<\\\/div>\\n\"}],\"overallFeedback\":[{\"from\":0,\"to\":100}],\"behaviour\":{\"enableRetry\":true,\"enableSolutionsButton\":true,\"enableCheckButton\":true,\"type\":\"auto\",\"singlePoint\":false,\"randomAnswers\":true,\"showSolutionsRequiresInput\":true,\"confirmCheckDialog\":false,\"confirmRetryDialog\":false,\"autoCheck\":false,\"passPercentage\":100,\"showScorePoints\":true},\"UI\":{\"checkAnswerButton\":\"Check\",\"showSolutionButton\":\"Show solution\",\"tryAgainButton\":\"Retry\",\"tipsLabel\":\"Show tip\",\"scoreBarLabel\":\"You got :num out of :total points\",\"tipAvailable\":\"Tip available\",\"feedbackAvailable\":\"Feedback available\",\"readFeedback\":\"Read feedback\",\"wrongAnswer\":\"Wrong answer\",\"correctAnswer\":\"Correct answer\",\"shouldCheck\":\"Should have been checked\",\"shouldNotCheck\":\"Should not have been checked\",\"noInput\":\"Please answer before viewing the solution\",\"a11yCheck\":\"Check the answers. The responses will be marked as correct, incorrect, or unanswered.\",\"a11yShowSolution\":\"Show the solution. The task will be marked with its correct solution.\",\"a11yRetry\":\"Retry the task. Reset all responses and start the task over again.\"},\"confirmCheck\":{\"header\":\"Finish ?\",\"body\":\"Are you sure you wish to finish ?\",\"cancelLabel\":\"Cancel\",\"confirmLabel\":\"Finish\"},\"confirmRetry\":{\"header\":\"Retry ?\",\"body\":\"Are you sure you wish to retry ?\",\"cancelLabel\":\"Cancel\",\"confirmLabel\":\"Confirm\"},\"question\":\"<p>What is the fastest point of sail<\\\/p>\\n\"},\"subContentId\":\"75309ac0-91c2-4559-b601-f422d4456f5e\",\"metadata\":{\"contentType\":\"Multiple Choice\",\"license\":\"U\",\"title\":\"Point of Sail Multiple Choice\"}},\"pause\":false,\"displayType\":\"button\",\"buttonOnMobile\":false,\"adaptivity\":{\"correct\":{\"allowOptOut\":false,\"message\":\"\"},\"wrong\":{\"allowOptOut\":false,\"message\":\"\"},\"requireCompletion\":false},\"label\":\"<p>Fastest Point of Sail<\\\/p>\\n\"}],\"endscreens\":[{\"time\":0,\"label\":\"0:00 Submit screen\"},{\"time\":142.296531,\"label\":\"2:22 Submit screen\"}]},\"summary\":{\"task\":{\"library\":\"H5P.Summary 1.10\",\"params\":{\"intro\":\"Choose the correct statement.\",\"summaries\":[{\"subContentId\":\"f89e86a9-c073-4098-9a7b-d2f46fd8b013\",\"tip\":\"\"}],\"overallFeedback\":[{\"from\":0,\"to\":100}],\"solvedLabel\":\"Progress:\",\"scoreLabel\":\"Wrong answers:\",\"resultLabel\":\"Your result\",\"labelCorrect\":\"Correct.\",\"labelIncorrect\":\"Incorrect! Please try again.\",\"alternativeIncorrectLabel\":\"Incorrect\",\"labelCorrectAnswers\":\"Correct answers.\",\"tipButtonLabel\":\"Show tip\",\"scoreBarLabel\":\"You got :num out of :total points\",\"progressText\":\"Progress :num of :total\"},\"subContentId\":\"96829368-8f2b-4d05-94e1-5cd43e4f7967\",\"metadata\":{\"contentType\":\"Summary\",\"license\":\"U\",\"title\":\"Untitled Summary\"}},\"displayAt\":3}},\"override\":{\"autoplay\":false,\"loop\":false,\"showBookmarksmenuOnLoad\":false,\"showRewind10\":false,\"preventSkipping\":false,\"deactivateSound\":false},\"l10n\":{\"interaction\":\"Interaction\",\"play\":\"Play\",\"pause\":\"Pause\",\"mute\":\"Mute\",\"unmute\":\"Unmute\",\"quality\":\"Video Quality\",\"captions\":\"Captions\",\"close\":\"Close\",\"fullscreen\":\"Fullscreen\",\"exitFullscreen\":\"Exit Fullscreen\",\"summary\":\"Open summary dialog\",\"bookmarks\":\"Bookmarks\",\"endscreen\":\"Submit screen\",\"defaultAdaptivitySeekLabel\":\"Continue\",\"continueWithVideo\":\"Continue with video\",\"playbackRate\":\"Playback Rate\",\"rewind10\":\"Rewind 10 Seconds\",\"navDisabled\":\"Navigation is disabled\",\"sndDisabled\":\"Sound is disabled\",\"requiresCompletionWarning\":\"You need to answer all the questions correctly before continuing.\",\"back\":\"Back\",\"hours\":\"Hours\",\"minutes\":\"Minutes\",\"seconds\":\"Seconds\",\"currentTime\":\"Current time:\",\"totalTime\":\"Total time:\",\"singleInteractionAnnouncement\":\"Interaction appeared:\",\"multipleInteractionsAnnouncement\":\"Multiple interactions appeared.\",\"videoPausedAnnouncement\":\"Video is paused\",\"content\":\"Content\",\"answered\":\"@answered answered\",\"endcardTitle\":\"@answered Question(s) answered\",\"endcardInformation\":\"You have answered @answered questions, click below to submit your answers.\",\"endcardInformationNoAnswers\":\"You have not answered any questions.\",\"endcardInformationMustHaveAnswer\":\"You have to answer at least one question before you can submit your answers.\",\"endcardSubmitButton\":\"Submit Answers\",\"endcardSubmitMessage\":\"Your answers have been submitted!\",\"endcardTableRowAnswered\":\"Answered questions\",\"endcardTableRowScore\":\"Score\",\"endcardAnsweredScore\":\"answered\",\"endCardTableRowSummaryWithScore\":\"You got @score out of @total points for the @question that appeared after @minutes minutes and @seconds seconds.\",\"endCardTableRowSummaryWithoutScore\":\"You have answered the @question that appeared after @minutes minutes and @seconds seconds.\"}}","slug":"points-of-sail","embed_type":"div","disable":9,"content_type":null,"authors":null,"source":null,"year_from":null,"year_to":null,"license":"U","license_version":null,"license_extras":null,"author_comments":null,"changes":null,"default_language":null,"library_title":"H5P.InteractiveVideo","library_major_version":1,"library_minor_version":22}