{"id":56622,"created_at":null,"updated_at":null,"user_id":921,"title":"Demo Video","library_id":162,"parameters":"{\"interactiveVideo\":{\"video\":{\"files\":[{\"path\":\"https:\\\/\\\/www.youtube.com\\\/watch?v=ZrSK-0-MQ8s&list=RDZrSK-0-MQ8s&start_radio=1\",\"mime\":\"video\\\/YouTube\",\"copyright\":{\"license\":\"U\"}}],\"startScreenOptions\":{\"title\":\"Interactive Video\",\"hideStartTitle\":false},\"textTracks\":{\"videoTrack\":[{\"label\":\"Subtitles\",\"kind\":\"subtitles\",\"srcLang\":\"en\"}]}},\"assets\":{\"interactions\":[{\"x\":24.017467248908297,\"y\":23.300970873786405,\"width\":10,\"height\":10,\"duration\":{\"from\":45.539,\"to\":55.539},\"libraryTitle\":\"True\\\/False Question\",\"action\":{\"library\":\"H5P.TrueFalse 1.6\",\"params\":{\"media\":{\"type\":{\"params\":{}},\"disableImageZooming\":false},\"correct\":\"true\",\"behaviour\":{\"enableRetry\":true,\"enableSolutionsButton\":true,\"enableCheckButton\":true,\"confirmCheckDialog\":false,\"confirmRetryDialog\":false,\"autoCheck\":false},\"l10n\":{\"trueText\":\"True\",\"falseText\":\"False\",\"score\":\"You got @score of @total points\",\"checkAnswer\":\"Check\",\"showSolutionButton\":\"Show solution\",\"tryAgain\":\"Retry\",\"wrongAnswerMessage\":\"Wrong answer\",\"correctAnswerMessage\":\"Correct answer\",\"scoreBarLabel\":\"You got :num out of :total points\",\"a11yCheck\":\"Check the answers. The responses will be marked as correct, incorrect, or unanswered.\",\"a11yShowSolution\":\"Show the solution. The task will be marked with its correct solution.\",\"a11yRetry\":\"Retry the task. Reset all responses and start the task over again.\"},\"currikisettings\":{\"disableSubmitButton\":false,\"placeholder\":false,\"currikil10n\":{\"submitAnswer\":\"Submit\",\"placeholderButton\":\"Placeholder\"}},\"confirmCheck\":{\"header\":\"Finish ?\",\"body\":\"Are you sure you wish to finish ?\",\"cancelLabel\":\"Cancel\",\"confirmLabel\":\"Finish\"},\"confirmRetry\":{\"header\":\"Retry ?\",\"body\":\"Are you sure you wish to retry ?\",\"cancelLabel\":\"Cancel\",\"confirmLabel\":\"Confirm\"},\"question\":\"<p>This Is True<\\\/p>\\n\"},\"subContentId\":\"b98ab31f-a568-4ba8-addd-a3800708ce85\",\"metadata\":{\"contentType\":\"True\\\/False Question\",\"license\":\"U\",\"title\":\"True\\\/False Question\",\"authors\":[],\"changes\":[],\"extraTitle\":\"True\\\/False Question\"}},\"pause\":false,\"displayType\":\"button\",\"buttonOnMobile\":false,\"adaptivity\":{\"correct\":{\"allowOptOut\":false,\"message\":\"\"},\"wrong\":{\"allowOptOut\":false,\"message\":\"\"},\"requireCompletion\":false},\"label\":\"<p>True\\\/False Question<\\\/p>\\n\"}],\"bookmarks\":[],\"endscreens\":[{\"time\":464,\"label\":\"7:44 Submit screen\"}]},\"summary\":{\"task\":{\"library\":\"H5P.Summary 1.10\",\"params\":{\"intro\":\"Choose the correct statement.\",\"summaries\":[{\"subContentId\":\"4eb0b700-313e-4465-a6c5-0817e0b3191f\",\"tip\":\"\"}],\"overallFeedback\":[{\"from\":0,\"to\":100}],\"solvedLabel\":\"Progress:\",\"scoreLabel\":\"Wrong answers:\",\"resultLabel\":\"Your result\",\"labelCorrect\":\"Correct.\",\"labelIncorrect\":\"Incorrect! Please try again.\",\"alternativeIncorrectLabel\":\"Incorrect\",\"labelCorrectAnswers\":\"Correct answers.\",\"tipButtonLabel\":\"Show tip\",\"scoreBarLabel\":\"You got :num out of :total points\",\"progressText\":\"Progress :num of :total\"},\"subContentId\":\"4535befe-fa8e-46c9-812c-84937974a1aa\",\"metadata\":{\"contentType\":\"Summary\",\"license\":\"U\",\"title\":\"Untitled Summary\",\"authors\":[],\"changes\":[],\"extraTitle\":\"Untitled Summary\"}},\"displayAt\":3}},\"override\":{\"autoplay\":false,\"loop\":false,\"showBookmarksmenuOnLoad\":false,\"showRewind10\":false,\"preventSkipping\":false,\"deactivateSound\":false},\"l10n\":{\"interaction\":\"Interaction\",\"play\":\"Play\",\"pause\":\"Pause\",\"mute\":\"Mute\",\"unmute\":\"Unmute\",\"quality\":\"Video Quality\",\"captions\":\"Captions\",\"close\":\"Close\",\"fullscreen\":\"Fullscreen\",\"exitFullscreen\":\"Exit Fullscreen\",\"summary\":\"Open summary dialog\",\"bookmarks\":\"Bookmarks\",\"endscreen\":\"Submit screen\",\"defaultAdaptivitySeekLabel\":\"Continue\",\"continueWithVideo\":\"Continue with video\",\"playbackRate\":\"Playback Rate\",\"rewind10\":\"Rewind 10 Seconds\",\"navDisabled\":\"Navigation is disabled\",\"sndDisabled\":\"Sound is disabled\",\"requiresCompletionWarning\":\"You need to answer all the questions correctly before continuing.\",\"back\":\"Back\",\"hours\":\"Hours\",\"minutes\":\"Minutes\",\"seconds\":\"Seconds\",\"currentTime\":\"Current time:\",\"totalTime\":\"Total time:\",\"singleInteractionAnnouncement\":\"Interaction appeared:\",\"multipleInteractionsAnnouncement\":\"Multiple interactions appeared.\",\"videoPausedAnnouncement\":\"Video is paused\",\"content\":\"Content\",\"answered\":\"@answered answered\",\"endcardTitle\":\"@answered Question(s) answered\",\"endcardInformation\":\"You have answered @answered questions, click below to submit your answers.\",\"endcardInformationNoAnswers\":\"You have not answered any questions.\",\"endcardInformationMustHaveAnswer\":\"You have to answer at least one question before you can submit your answers.\",\"endcardSubmitButton\":\"Submit Answers\",\"endcardSubmitMessage\":\"Your answers have been submitted!\",\"endcardTableRowAnswered\":\"Answered questions\",\"endcardTableRowScore\":\"Score\",\"endcardAnsweredScore\":\"answered\",\"endCardTableRowSummaryWithScore\":\"You got @score out of @total points for the @question that appeared after @minutes minutes and @seconds seconds.\",\"endCardTableRowSummaryWithoutScore\":\"You have answered the @question that appeared after @minutes minutes and @seconds seconds.\"}}","filtered":"{\"interactiveVideo\":{\"video\":{\"files\":[{\"path\":\"https:\\\/\\\/www.youtube.com\\\/watch?v=ZrSK-0-MQ8s&amp;list=RDZrSK-0-MQ8s&amp;start_radio=1\",\"mime\":\"video\\\/YouTube\",\"copyright\":{\"license\":\"U\"}}],\"startScreenOptions\":{\"title\":\"Interactive Video\",\"hideStartTitle\":false},\"textTracks\":{\"videoTrack\":[{\"label\":\"Subtitles\",\"kind\":\"subtitles\",\"srcLang\":\"en\"}]}},\"assets\":{\"interactions\":[{\"x\":24.017467248908297,\"y\":23.300970873786405,\"width\":10,\"height\":10,\"duration\":{\"from\":45.539,\"to\":55.539},\"libraryTitle\":\"True\\\/False Question\",\"action\":{\"library\":\"H5P.TrueFalse 1.6\",\"params\":{\"media\":{\"disableImageZooming\":false},\"correct\":\"true\",\"behaviour\":{\"enableRetry\":true,\"enableSolutionsButton\":true,\"enableCheckButton\":true,\"confirmCheckDialog\":false,\"confirmRetryDialog\":false,\"autoCheck\":false},\"l10n\":{\"trueText\":\"True\",\"falseText\":\"False\",\"score\":\"You got @score of @total points\",\"checkAnswer\":\"Check\",\"showSolutionButton\":\"Show solution\",\"tryAgain\":\"Retry\",\"wrongAnswerMessage\":\"Wrong answer\",\"correctAnswerMessage\":\"Correct answer\",\"scoreBarLabel\":\"You got :num out of :total points\",\"a11yCheck\":\"Check the answers. The responses will be marked as correct, incorrect, or unanswered.\",\"a11yShowSolution\":\"Show the solution. The task will be marked with its correct solution.\",\"a11yRetry\":\"Retry the task. Reset all responses and start the task over again.\"},\"currikisettings\":{\"disableSubmitButton\":false,\"placeholder\":false,\"currikil10n\":{\"submitAnswer\":\"Submit\",\"placeholderButton\":\"Placeholder\"}},\"confirmCheck\":{\"header\":\"Finish ?\",\"body\":\"Are you sure you wish to finish ?\",\"cancelLabel\":\"Cancel\",\"confirmLabel\":\"Finish\"},\"confirmRetry\":{\"header\":\"Retry ?\",\"body\":\"Are you sure you wish to retry ?\",\"cancelLabel\":\"Cancel\",\"confirmLabel\":\"Confirm\"},\"question\":\"<p>This Is True<\\\/p>\\n\"},\"subContentId\":\"b98ab31f-a568-4ba8-addd-a3800708ce85\",\"metadata\":{\"contentType\":\"True\\\/False Question\",\"license\":\"U\",\"title\":\"True\\\/False Question\"}},\"pause\":false,\"displayType\":\"button\",\"buttonOnMobile\":false,\"adaptivity\":{\"correct\":{\"allowOptOut\":false,\"message\":\"\"},\"wrong\":{\"allowOptOut\":false,\"message\":\"\"},\"requireCompletion\":false},\"label\":\"<p>True\\\/False Question<\\\/p>\\n\"}],\"endscreens\":[{\"time\":464,\"label\":\"7:44 Submit screen\"}]},\"summary\":{\"task\":{\"library\":\"H5P.Summary 1.10\",\"params\":{\"intro\":\"Choose the correct statement.\",\"summaries\":[{\"subContentId\":\"4eb0b700-313e-4465-a6c5-0817e0b3191f\",\"tip\":\"\"}],\"overallFeedback\":[{\"from\":0,\"to\":100}],\"solvedLabel\":\"Progress:\",\"scoreLabel\":\"Wrong answers:\",\"resultLabel\":\"Your result\",\"labelCorrect\":\"Correct.\",\"labelIncorrect\":\"Incorrect! Please try again.\",\"alternativeIncorrectLabel\":\"Incorrect\",\"labelCorrectAnswers\":\"Correct answers.\",\"tipButtonLabel\":\"Show tip\",\"scoreBarLabel\":\"You got :num out of :total points\",\"progressText\":\"Progress :num of :total\"},\"subContentId\":\"4535befe-fa8e-46c9-812c-84937974a1aa\",\"metadata\":{\"contentType\":\"Summary\",\"license\":\"U\",\"title\":\"Untitled Summary\"}},\"displayAt\":3}},\"override\":{\"autoplay\":false,\"loop\":false,\"showBookmarksmenuOnLoad\":false,\"showRewind10\":false,\"preventSkipping\":false,\"deactivateSound\":false},\"l10n\":{\"interaction\":\"Interaction\",\"play\":\"Play\",\"pause\":\"Pause\",\"mute\":\"Mute\",\"unmute\":\"Unmute\",\"quality\":\"Video Quality\",\"captions\":\"Captions\",\"close\":\"Close\",\"fullscreen\":\"Fullscreen\",\"exitFullscreen\":\"Exit Fullscreen\",\"summary\":\"Open summary dialog\",\"bookmarks\":\"Bookmarks\",\"endscreen\":\"Submit screen\",\"defaultAdaptivitySeekLabel\":\"Continue\",\"continueWithVideo\":\"Continue with video\",\"playbackRate\":\"Playback Rate\",\"rewind10\":\"Rewind 10 Seconds\",\"navDisabled\":\"Navigation is disabled\",\"sndDisabled\":\"Sound is disabled\",\"requiresCompletionWarning\":\"You need to answer all the questions correctly before continuing.\",\"back\":\"Back\",\"hours\":\"Hours\",\"minutes\":\"Minutes\",\"seconds\":\"Seconds\",\"currentTime\":\"Current time:\",\"totalTime\":\"Total time:\",\"singleInteractionAnnouncement\":\"Interaction appeared:\",\"multipleInteractionsAnnouncement\":\"Multiple interactions appeared.\",\"videoPausedAnnouncement\":\"Video is paused\",\"content\":\"Content\",\"answered\":\"@answered answered\",\"endcardTitle\":\"@answered Question(s) answered\",\"endcardInformation\":\"You have answered @answered questions, click below to submit your answers.\",\"endcardInformationNoAnswers\":\"You have not answered any questions.\",\"endcardInformationMustHaveAnswer\":\"You have to answer at least one question before you can submit your answers.\",\"endcardSubmitButton\":\"Submit Answers\",\"endcardSubmitMessage\":\"Your answers have been submitted!\",\"endcardTableRowAnswered\":\"Answered questions\",\"endcardTableRowScore\":\"Score\",\"endcardAnsweredScore\":\"answered\",\"endCardTableRowSummaryWithScore\":\"You got @score out of @total points for the @question that appeared after @minutes minutes and @seconds seconds.\",\"endCardTableRowSummaryWithoutScore\":\"You have answered the @question that appeared after @minutes minutes and @seconds seconds.\"}}","slug":"demo-video","embed_type":"div","disable":9,"content_type":null,"authors":null,"source":null,"year_from":null,"year_to":null,"license":"U","license_version":null,"license_extras":null,"author_comments":null,"changes":null,"default_language":null,"library_title":"H5P.InteractiveVideo","library_major_version":1,"library_minor_version":22}