{"id":6087,"title":"Tips & Tricks for using CurrikiStudio","project_id":2550,"order":null,"created_at":"2020-09-26T07:46:13.000000Z","updated_at":"2020-09-26T07:46:13.000000Z","deleted_at":null,"is_public":false,"elasticsearch":false,"shared":false,"activity_count":6,"activities":[{"id":27120,"playlist_id":6087,"title":"Tips and Tricks for Creating Projects in CurrikiStudio","type":"h5p","content":"","shared":false,"order":0,"created_at":"2020-09-26T07:46:13.000000Z","updated_at":"2020-09-26T07:46:13.000000Z","deleted_at":null,"is_public":false,"h5p_content_id":568,"thumb_url":"\/storage\/activities\/5f6ef1c5b2c5b.png","subject_id":null,"education_level_id":null,"elasticsearch":false,"user_id":null,"organization_id":null,"description":null,"source_type":null,"source_url":null,"organization_visibility_type_id":null,"cloned_from":null,"clone_ctr":0,"status":1,"indexing":null,"original_user":null,"activity_type":"ACTIVITY"},{"id":27121,"playlist_id":6087,"title":"Finding great photography for lessons","type":"h5p","content":"","shared":false,"order":2,"created_at":"2020-09-26T07:46:13.000000Z","updated_at":"2020-09-26T07:46:13.000000Z","deleted_at":null,"is_public":false,"h5p_content_id":569,"thumb_url":"\/storage\/activities\/5f6ef1c5bda70.png","subject_id":null,"education_level_id":null,"elasticsearch":false,"user_id":null,"organization_id":null,"description":null,"source_type":null,"source_url":null,"organization_visibility_type_id":null,"cloned_from":null,"clone_ctr":0,"status":1,"indexing":null,"original_user":null,"activity_type":"ACTIVITY"},{"id":27122,"playlist_id":6087,"title":"Curriki Learning Program Outline Template","type":"h5p","content":"","shared":false,"order":4,"created_at":"2020-09-26T07:46:13.000000Z","updated_at":"2020-09-26T07:46:13.000000Z","deleted_at":null,"is_public":false,"h5p_content_id":570,"thumb_url":"\/storage\/activities\/5f6ef1c5c920f.png","subject_id":null,"education_level_id":null,"elasticsearch":false,"user_id":null,"organization_id":null,"description":null,"source_type":null,"source_url":null,"organization_visibility_type_id":null,"cloned_from":null,"clone_ctr":0,"status":1,"indexing":null,"original_user":null,"activity_type":"ACTIVITY"},{"id":27123,"playlist_id":6087,"title":"Creating Awesome Graphics for Your Playlists","type":"h5p","content":"","shared":false,"order":3,"created_at":"2020-09-26T07:46:13.000000Z","updated_at":"2020-09-26T07:46:13.000000Z","deleted_at":null,"is_public":false,"h5p_content_id":571,"thumb_url":"\/storage\/activities\/5f6ef1c5d63bd.png","subject_id":null,"education_level_id":null,"elasticsearch":false,"user_id":null,"organization_id":null,"description":null,"source_type":null,"source_url":null,"organization_visibility_type_id":null,"cloned_from":null,"clone_ctr":0,"status":1,"indexing":null,"original_user":null,"activity_type":"ACTIVITY"},{"id":27124,"playlist_id":6087,"title":"Examples of CurrikiStudio Learning Activity Types","type":"h5p","content":"","shared":false,"order":1,"created_at":"2020-09-26T07:46:13.000000Z","updated_at":"2020-09-26T07:46:13.000000Z","deleted_at":null,"is_public":false,"h5p_content_id":573,"thumb_url":"\/storage\/activities\/5f6ef1c5e1a1a.png","subject_id":null,"education_level_id":null,"elasticsearch":false,"user_id":null,"organization_id":null,"description":null,"source_type":null,"source_url":null,"organization_visibility_type_id":null,"cloned_from":null,"clone_ctr":0,"status":1,"indexing":null,"original_user":null,"activity_type":"ACTIVITY"},{"id":27125,"playlist_id":6087,"title":"QUIZ: What tool is this?","type":"h5p","content":"","shared":false,"order":5,"created_at":"2020-09-26T07:46:13.000000Z","updated_at":"2020-09-26T07:46:13.000000Z","deleted_at":null,"is_public":false,"h5p_content_id":580,"thumb_url":"\/storage\/activities\/5f6ef1c5efb4f.png","subject_id":null,"education_level_id":null,"elasticsearch":false,"user_id":null,"organization_id":null,"description":null,"source_type":null,"source_url":null,"organization_visibility_type_id":null,"cloned_from":null,"clone_ctr":0,"status":1,"indexing":null,"original_user":null,"activity_type":"ACTIVITY"}]}