{"id":56619,"created_at":null,"updated_at":null,"user_id":921,"title":"iframe","library_id":126,"parameters":"{\"resizeSupported\":true,\"width\":\"800\",\"minWidth\":\"800\",\"height\":\"450\",\"source\":\"https:\\\/\\\/vlp.vivedlearning.com\\\/embed\\\/6e46ea02-c147-4c44-aec1-e06b4e02a693\"}","filtered":"{\"resizeSupported\":true,\"width\":\"800\",\"minWidth\":\"800\",\"height\":\"450\",\"source\":\"https:\\\/\\\/vlp.vivedlearning.com\\\/embed\\\/6e46ea02-c147-4c44-aec1-e06b4e02a693\"}","slug":"iframe","embed_type":"div","disable":9,"content_type":null,"authors":null,"source":null,"year_from":null,"year_to":null,"license":"U","license_version":null,"license_extras":null,"author_comments":null,"changes":null,"default_language":null,"library_title":"H5P.IFrameEmbed","library_major_version":1,"library_minor_version":0}