{"id":63770,"playlist_id":16995,"title":"Kaltura","type":"h5p","content":"place_holder","shared":true,"order":6,"created_at":"2022-08-03T20:19:50.000000Z","updated_at":"2022-08-03T20:19:50.000000Z","deleted_at":null,"is_public":false,"h5p_content_id":56616,"thumb_url":"https:\/\/images.pexels.com\/photos\/5022849\/pexels-photo-5022849.jpeg?auto=compress&cs=tinysrgb&dpr=1&fit=crop&h=200&w=280","subject_id":null,"education_level_id":null,"elasticsearch":false,"user_id":null,"organization_id":null,"description":null,"source_type":"Kaltura","source_url":"https:\/\/cdnapisec.kaltura.com\/p\/4523213\/sp\/452321300\/playManifest\/entryId\/1_kpcszzrz\/format\/url\/protocol\/https","organization_visibility_type_id":null,"cloned_from":null,"clone_ctr":0,"status":1,"indexing":null,"original_user":null,"activity_type":"ACTIVITY"}