{"id":56628,"created_at":null,"updated_at":null,"user_id":921,"title":"Sailing Video","library_id":162,"parameters":"{\"interactiveVideo\":{\"video\":{\"startScreenOptions\":{\"title\":\"Interactive Video\",\"hideStartTitle\":false},\"textTracks\":{\"videoTrack\":[{\"label\":\"Subtitles\",\"kind\":\"subtitles\",\"srcLang\":\"en\"}]},\"files\":[{\"path\":\"https:\\\/\\\/youtu.be\\\/Tb_BHkytj7M\",\"mime\":\"video\\\/YouTube\",\"copyright\":{\"license\":\"U\"}}]},\"assets\":{\"interactions\":[],\"bookmarks\":[],\"endscreens\":[]},\"summary\":{\"task\":{\"library\":\"H5P.Summary 1.10\",\"params\":{\"intro\":\"Choose the correct statement.\",\"summaries\":[{\"subContentId\":\"f0f20fd0-9fc2-49ef-8bcd-98c98f1d5d18\",\"tip\":\"\"}],\"overallFeedback\":[{\"from\":0,\"to\":100}],\"solvedLabel\":\"Progress:\",\"scoreLabel\":\"Wrong answers:\",\"resultLabel\":\"Your result\",\"labelCorrect\":\"Correct.\",\"labelIncorrect\":\"Incorrect! Please try again.\",\"alternativeIncorrectLabel\":\"Incorrect\",\"labelCorrectAnswers\":\"Correct answers.\",\"tipButtonLabel\":\"Show tip\",\"scoreBarLabel\":\"You got :num out of :total points\",\"progressText\":\"Progress :num of :total\"},\"subContentId\":\"dbdd5b06-248e-4060-a97e-1d38f6f7d1bd\",\"metadata\":{\"contentType\":\"Summary\",\"license\":\"U\",\"title\":\"Untitled Summary\",\"authors\":[],\"changes\":[],\"extraTitle\":\"Untitled Summary\"}},\"displayAt\":3}},\"override\":{\"autoplay\":false,\"loop\":false,\"showBookmarksmenuOnLoad\":false,\"showRewind10\":false,\"preventSkipping\":false,\"deactivateSound\":false},\"l10n\":{\"interaction\":\"Interaction\",\"play\":\"Play\",\"pause\":\"Pause\",\"mute\":\"Mute\",\"unmute\":\"Unmute\",\"quality\":\"Video Quality\",\"captions\":\"Captions\",\"close\":\"Close\",\"fullscreen\":\"Fullscreen\",\"exitFullscreen\":\"Exit Fullscreen\",\"summary\":\"Open summary dialog\",\"bookmarks\":\"Bookmarks\",\"endscreen\":\"Submit screen\",\"defaultAdaptivitySeekLabel\":\"Continue\",\"continueWithVideo\":\"Continue with video\",\"playbackRate\":\"Playback Rate\",\"rewind10\":\"Rewind 10 Seconds\",\"navDisabled\":\"Navigation is disabled\",\"sndDisabled\":\"Sound is disabled\",\"requiresCompletionWarning\":\"You need to answer all the questions correctly before continuing.\",\"back\":\"Back\",\"hours\":\"Hours\",\"minutes\":\"Minutes\",\"seconds\":\"Seconds\",\"currentTime\":\"Current time:\",\"totalTime\":\"Total time:\",\"singleInteractionAnnouncement\":\"Interaction appeared:\",\"multipleInteractionsAnnouncement\":\"Multiple interactions appeared.\",\"videoPausedAnnouncement\":\"Video is paused\",\"content\":\"Content\",\"answered\":\"@answered answered\",\"endcardTitle\":\"@answered Question(s) answered\",\"endcardInformation\":\"You have answered @answered questions, click below to submit your answers.\",\"endcardInformationNoAnswers\":\"You have not answered any questions.\",\"endcardInformationMustHaveAnswer\":\"You have to answer at least one question before you can submit your answers.\",\"endcardSubmitButton\":\"Submit Answers\",\"endcardSubmitMessage\":\"Your answers have been submitted!\",\"endcardTableRowAnswered\":\"Answered questions\",\"endcardTableRowScore\":\"Score\",\"endcardAnsweredScore\":\"answered\",\"endCardTableRowSummaryWithScore\":\"You got @score out of @total points for the @question that appeared after @minutes minutes and @seconds seconds.\",\"endCardTableRowSummaryWithoutScore\":\"You have answered the @question that appeared after @minutes minutes and @seconds seconds.\"}}","filtered":"{\"interactiveVideo\":{\"video\":{\"startScreenOptions\":{\"title\":\"Interactive Video\",\"hideStartTitle\":false},\"textTracks\":{\"videoTrack\":[{\"label\":\"Subtitles\",\"kind\":\"subtitles\",\"srcLang\":\"en\"}]},\"files\":[{\"path\":\"https:\\\/\\\/youtu.be\\\/Tb_BHkytj7M\",\"mime\":\"video\\\/YouTube\",\"copyright\":{\"license\":\"U\"}}]},\"assets\":{},\"summary\":{\"task\":{\"library\":\"H5P.Summary 1.10\",\"params\":{\"intro\":\"Choose the correct statement.\",\"summaries\":[{\"subContentId\":\"f0f20fd0-9fc2-49ef-8bcd-98c98f1d5d18\",\"tip\":\"\"}],\"overallFeedback\":[{\"from\":0,\"to\":100}],\"solvedLabel\":\"Progress:\",\"scoreLabel\":\"Wrong answers:\",\"resultLabel\":\"Your result\",\"labelCorrect\":\"Correct.\",\"labelIncorrect\":\"Incorrect! Please try again.\",\"alternativeIncorrectLabel\":\"Incorrect\",\"labelCorrectAnswers\":\"Correct answers.\",\"tipButtonLabel\":\"Show tip\",\"scoreBarLabel\":\"You got :num out of :total points\",\"progressText\":\"Progress :num of :total\"},\"subContentId\":\"dbdd5b06-248e-4060-a97e-1d38f6f7d1bd\",\"metadata\":{\"contentType\":\"Summary\",\"license\":\"U\",\"title\":\"Untitled Summary\"}},\"displayAt\":3}},\"override\":{\"autoplay\":false,\"loop\":false,\"showBookmarksmenuOnLoad\":false,\"showRewind10\":false,\"preventSkipping\":false,\"deactivateSound\":false},\"l10n\":{\"interaction\":\"Interaction\",\"play\":\"Play\",\"pause\":\"Pause\",\"mute\":\"Mute\",\"unmute\":\"Unmute\",\"quality\":\"Video Quality\",\"captions\":\"Captions\",\"close\":\"Close\",\"fullscreen\":\"Fullscreen\",\"exitFullscreen\":\"Exit Fullscreen\",\"summary\":\"Open summary dialog\",\"bookmarks\":\"Bookmarks\",\"endscreen\":\"Submit screen\",\"defaultAdaptivitySeekLabel\":\"Continue\",\"continueWithVideo\":\"Continue with video\",\"playbackRate\":\"Playback Rate\",\"rewind10\":\"Rewind 10 Seconds\",\"navDisabled\":\"Navigation is disabled\",\"sndDisabled\":\"Sound is disabled\",\"requiresCompletionWarning\":\"You need to answer all the questions correctly before continuing.\",\"back\":\"Back\",\"hours\":\"Hours\",\"minutes\":\"Minutes\",\"seconds\":\"Seconds\",\"currentTime\":\"Current time:\",\"totalTime\":\"Total time:\",\"singleInteractionAnnouncement\":\"Interaction appeared:\",\"multipleInteractionsAnnouncement\":\"Multiple interactions appeared.\",\"videoPausedAnnouncement\":\"Video is paused\",\"content\":\"Content\",\"answered\":\"@answered answered\",\"endcardTitle\":\"@answered Question(s) answered\",\"endcardInformation\":\"You have answered @answered questions, click below to submit your answers.\",\"endcardInformationNoAnswers\":\"You have not answered any questions.\",\"endcardInformationMustHaveAnswer\":\"You have to answer at least one question before you can submit your answers.\",\"endcardSubmitButton\":\"Submit Answers\",\"endcardSubmitMessage\":\"Your answers have been submitted!\",\"endcardTableRowAnswered\":\"Answered questions\",\"endcardTableRowScore\":\"Score\",\"endcardAnsweredScore\":\"answered\",\"endCardTableRowSummaryWithScore\":\"You got @score out of @total points for the @question that appeared after @minutes minutes and @seconds seconds.\",\"endCardTableRowSummaryWithoutScore\":\"You have answered the @question that appeared after @minutes minutes and @seconds seconds.\"}}","slug":"sailing-video","embed_type":"div","disable":9,"content_type":null,"authors":"[]","source":null,"year_from":null,"year_to":null,"license":"U","license_version":null,"license_extras":null,"author_comments":null,"changes":"[]","default_language":null,"library_title":"H5P.InteractiveVideo","library_major_version":1,"library_minor_version":22}