{"id":580,"created_at":"2020-06-18T05:10:16.000000Z","updated_at":"2020-08-18T23:45:45.000000Z","user_id":1,"title":"QUIZ: What tool is this?","library_id":60,"parameters":"{\"cards\":[{\"text\":\"This tool is great for finding photography for lessons and thumbnails. And all of the photos are open source\",\"answer\":\"Unsplash\",\"image\":{\"path\":\"images\\\/image-5eeaf6f9dd33f.jpg\",\"mime\":\"image\\\/jpeg\",\"copyright\":{\"license\":\"U\"},\"width\":2772,\"height\":1270},\"tip\":\"\"},{\"text\":\"This tool is for helping make graphics for lessons\",\"image\":{\"path\":\"images\\\/image-5eeaf70e2327b.jpg\",\"mime\":\"image\\\/jpeg\",\"copyright\":{\"license\":\"U\"},\"width\":2728,\"height\":1410},\"answer\":\"Canva\",\"tip\":\"\"},{\"text\":\"This tool provides examples of the interactive activity types\",\"answer\":\"CurrikiStudio!\",\"tip\":\"\",\"image\":{\"path\":\"images\\\/image-5f3c682626414.png#tmp\",\"mime\":\"image\\\/png\",\"copyright\":{\"license\":\"U\"},\"width\":1698,\"height\":1262}}],\"progressText\":\"Card @card of @total\",\"next\":\"Next\",\"previous\":\"Previous\",\"checkAnswerText\":\"Check\",\"showSolutionsRequiresInput\":true,\"defaultAnswerText\":\"Your answer\",\"correctAnswerText\":\"Correct\",\"incorrectAnswerText\":\"Incorrect\",\"showSolutionText\":\"Correct answer\",\"results\":\"Results\",\"ofCorrect\":\"@score of @total correct\",\"showResults\":\"Show results\",\"answerShortText\":\"A:\",\"retry\":\"Retry\",\"caseSensitive\":false,\"cardAnnouncement\":\"Incorrect answer. Correct answer was @answer\",\"pageAnnouncement\":\"Page @current of @total\",\"description\":\"What is the name of this tool?\"}","filtered":"{\"cards\":[{\"text\":\"This tool is great for finding photography for lessons and thumbnails. And all of the photos are open source\",\"answer\":\"Unsplash\",\"image\":{\"path\":\"images\\\/image-5eeaf6f9dd33f.jpg\",\"mime\":\"image\\\/jpeg\",\"copyright\":{\"license\":\"U\"},\"width\":2772,\"height\":1270},\"tip\":\"\"},{\"text\":\"This tool is for helping make graphics for lessons\",\"image\":{\"path\":\"images\\\/image-5eeaf70e2327b.jpg\",\"mime\":\"image\\\/jpeg\",\"copyright\":{\"license\":\"U\"},\"width\":2728,\"height\":1410},\"answer\":\"Canva\",\"tip\":\"\"},{\"text\":\"This tool provides examples of the interactive activity types\",\"answer\":\"CurrikiStudio!\",\"tip\":\"\",\"image\":{\"path\":\"images\\\/image-5f3c682626414.png\",\"mime\":\"image\\\/png\",\"copyright\":{\"license\":\"U\"},\"width\":1698,\"height\":1262}}],\"progressText\":\"Card @card of @total\",\"next\":\"Next\",\"previous\":\"Previous\",\"checkAnswerText\":\"Check\",\"showSolutionsRequiresInput\":true,\"defaultAnswerText\":\"Your answer\",\"correctAnswerText\":\"Correct\",\"incorrectAnswerText\":\"Incorrect\",\"showSolutionText\":\"Correct answer\",\"results\":\"Results\",\"ofCorrect\":\"@score of @total correct\",\"showResults\":\"Show results\",\"answerShortText\":\"A:\",\"retry\":\"Retry\",\"caseSensitive\":false,\"cardAnnouncement\":\"Incorrect answer. Correct answer was @answer\",\"pageAnnouncement\":\"Page @current of @total\",\"description\":\"What is the name of this tool?\"}","slug":"quiz-what-tool-is-this","embed_type":"div","disable":9,"content_type":null,"authors":"[]","source":null,"year_from":null,"year_to":null,"license":"U","license_version":null,"license_extras":null,"author_comments":null,"changes":"[]","default_language":null,"library_title":"H5P.Flashcards","library_major_version":1,"library_minor_version":5}