{"id":6086,"title":"Curriki Overview","project_id":2550,"order":null,"created_at":"2020-09-26T07:46:13.000000Z","updated_at":"2020-09-26T07:46:13.000000Z","deleted_at":null,"is_public":false,"elasticsearch":false,"shared":false,"activity_count":5,"activities":[{"id":27115,"playlist_id":6086,"title":"About Curriki - Interactive Video","type":"h5p","content":"","shared":false,"order":0,"created_at":"2020-09-26T07:46:13.000000Z","updated_at":"2020-09-26T07:46:13.000000Z","deleted_at":null,"is_public":false,"h5p_content_id":567,"thumb_url":"\/storage\/activities\/5f6ef1c5756ae.png","subject_id":null,"education_level_id":null,"elasticsearch":false,"user_id":null,"organization_id":null,"description":null,"source_type":null,"source_url":null,"organization_visibility_type_id":null,"cloned_from":null,"clone_ctr":0,"status":1,"indexing":null,"original_user":null,"activity_type":"ACTIVITY"},{"id":27116,"playlist_id":6086,"title":"Introduction to CurrikiStudio","type":"h5p","content":"","shared":false,"order":1,"created_at":"2020-09-26T07:46:13.000000Z","updated_at":"2020-09-26T07:46:13.000000Z","deleted_at":null,"is_public":false,"h5p_content_id":574,"thumb_url":"\/storage\/activities\/5f6ef1c580d04.png","subject_id":null,"education_level_id":null,"elasticsearch":false,"user_id":null,"organization_id":null,"description":null,"source_type":null,"source_url":null,"organization_visibility_type_id":null,"cloned_from":null,"clone_ctr":0,"status":1,"indexing":null,"original_user":null,"activity_type":"ACTIVITY"},{"id":27117,"playlist_id":6086,"title":"Getting Started in CurrikiStudio","type":"h5p","content":"","shared":false,"order":2,"created_at":"2020-09-26T07:46:13.000000Z","updated_at":"2020-09-26T07:46:13.000000Z","deleted_at":null,"is_public":false,"h5p_content_id":577,"thumb_url":"\/storage\/activities\/5f6ef1c58bb63.png","subject_id":null,"education_level_id":null,"elasticsearch":false,"user_id":null,"organization_id":null,"description":null,"source_type":null,"source_url":null,"organization_visibility_type_id":null,"cloned_from":null,"clone_ctr":0,"status":1,"indexing":null,"original_user":null,"activity_type":"ACTIVITY"},{"id":27118,"playlist_id":6086,"title":"Creating Learning Playlists in CurrikiStudio","type":"h5p","content":"","shared":false,"order":3,"created_at":"2020-09-26T07:46:13.000000Z","updated_at":"2020-09-26T07:46:13.000000Z","deleted_at":null,"is_public":false,"h5p_content_id":578,"thumb_url":"\/storage\/activities\/5f6ef1c5969ed.png","subject_id":null,"education_level_id":null,"elasticsearch":false,"user_id":null,"organization_id":null,"description":null,"source_type":null,"source_url":null,"organization_visibility_type_id":null,"cloned_from":null,"clone_ctr":0,"status":1,"indexing":null,"original_user":null,"activity_type":"ACTIVITY"},{"id":27119,"playlist_id":6086,"title":"CurrikiGo Overview","type":"h5p","content":"","shared":false,"order":4,"created_at":"2020-09-26T07:46:13.000000Z","updated_at":"2020-09-26T07:46:13.000000Z","deleted_at":null,"is_public":false,"h5p_content_id":579,"thumb_url":"\/storage\/activities\/5f6ef1c5a2afb.png","subject_id":null,"education_level_id":null,"elasticsearch":false,"user_id":null,"organization_id":null,"description":null,"source_type":null,"source_url":null,"organization_visibility_type_id":null,"cloned_from":null,"clone_ctr":0,"status":1,"indexing":null,"original_user":null,"activity_type":"ACTIVITY"}]}