{"id":56624,"created_at":null,"updated_at":null,"user_id":921,"title":"Physics of Sailing","library_id":162,"parameters":"{\"interactiveVideo\":{\"video\":{\"startScreenOptions\":{\"title\":\"Interactive Video\",\"hideStartTitle\":false},\"textTracks\":{\"videoTrack\":[{\"label\":\"Subtitles\",\"kind\":\"subtitles\",\"srcLang\":\"en\"}]},\"files\":[{\"path\":\"https:\\\/\\\/youtu.be\\\/yqwb4HIrORM\",\"mime\":\"video\\\/YouTube\",\"copyright\":{\"license\":\"U\"}}]},\"assets\":{\"interactions\":[{\"x\":39.04066941433832,\"y\":29.080635223605622,\"width\":10.075566750629722,\"height\":13.602015113350125,\"duration\":{\"from\":74.464,\"to\":84.464},\"libraryTitle\":\"True\\\/False Question\",\"action\":{\"library\":\"H5P.TrueFalse 1.6\",\"params\":{\"media\":{\"disableImageZooming\":false,\"type\":{\"params\":{}}},\"correct\":\"true\",\"behaviour\":{\"enableRetry\":true,\"enableSolutionsButton\":true,\"enableCheckButton\":true,\"confirmCheckDialog\":false,\"confirmRetryDialog\":false,\"autoCheck\":false},\"l10n\":{\"trueText\":\"True\",\"falseText\":\"False\",\"score\":\"You got @score of @total points\",\"checkAnswer\":\"Check\",\"showSolutionButton\":\"Show solution\",\"tryAgain\":\"Retry\",\"wrongAnswerMessage\":\"Wrong answer\",\"correctAnswerMessage\":\"Correct answer\",\"scoreBarLabel\":\"You got :num out of :total points\",\"a11yCheck\":\"Check the answers. The responses will be marked as correct, incorrect, or unanswered.\",\"a11yShowSolution\":\"Show the solution. The task will be marked with its correct solution.\",\"a11yRetry\":\"Retry the task. Reset all responses and start the task over again.\"},\"confirmCheck\":{\"header\":\"Finish ?\",\"body\":\"Are you sure you wish to finish ?\",\"cancelLabel\":\"Cancel\",\"confirmLabel\":\"Finish\"},\"confirmRetry\":{\"header\":\"Retry ?\",\"body\":\"Are you sure you wish to retry ?\",\"cancelLabel\":\"Cancel\",\"confirmLabel\":\"Confirm\"},\"question\":\"<p>Sailing is fun!<\\\/p>\\n\",\"currikisettings\":{\"disableSubmitButton\":false,\"placeholder\":false,\"currikil10n\":{\"submitAnswer\":\"Submit\",\"placeholderButton\":\"Placeholder\"}}},\"subContentId\":\"9c2c8b6a-675c-4496-9212-b72eac190412\",\"metadata\":{\"contentType\":\"True\\\/False Question\",\"license\":\"U\",\"title\":\"Untitled True\\\/False Question\",\"authors\":[],\"changes\":[],\"extraTitle\":\"Untitled True\\\/False Question\"}},\"pause\":true,\"displayType\":\"poster\",\"buttonOnMobile\":false,\"adaptivity\":{\"correct\":{\"allowOptOut\":false,\"message\":\"\"},\"wrong\":{\"allowOptOut\":false,\"message\":\"\"},\"requireCompletion\":false},\"label\":\"\"},{\"x\":40.30159711999827,\"y\":11.183660757954978,\"width\":17.12846347607053,\"height\":14.105793450881611,\"duration\":{\"from\":470,\"to\":480},\"libraryTitle\":\"Multiple Choice\",\"action\":{\"library\":\"H5P.MultiChoice 1.14\",\"params\":{\"media\":{\"disableImageZooming\":false,\"type\":{\"params\":{}}},\"answers\":[{\"correct\":true,\"tipsAndFeedback\":{\"tip\":\"\",\"chosenFeedback\":\"\",\"notChosenFeedback\":\"\"},\"text\":\"<div>Beam Reach<\\\/div>\\n\"},{\"correct\":false,\"tipsAndFeedback\":{\"tip\":\"\",\"chosenFeedback\":\"\",\"notChosenFeedback\":\"\"},\"text\":\"<div>Close Reach<\\\/div>\\n\"},{\"correct\":false,\"tipsAndFeedback\":{\"tip\":\"\",\"chosenFeedback\":\"\",\"notChosenFeedback\":\"\"},\"text\":\"<div>Broad Reach<\\\/div>\\n\"}],\"overallFeedback\":[{\"from\":0,\"to\":100}],\"behaviour\":{\"enableRetry\":true,\"enableSolutionsButton\":true,\"enableCheckButton\":true,\"type\":\"auto\",\"singlePoint\":false,\"randomAnswers\":true,\"showSolutionsRequiresInput\":true,\"confirmCheckDialog\":false,\"confirmRetryDialog\":false,\"autoCheck\":false,\"passPercentage\":100,\"showScorePoints\":true},\"UI\":{\"checkAnswerButton\":\"Check\",\"showSolutionButton\":\"Show solution\",\"tryAgainButton\":\"Retry\",\"tipsLabel\":\"Show tip\",\"scoreBarLabel\":\"You got :num out of :total points\",\"tipAvailable\":\"Tip available\",\"feedbackAvailable\":\"Feedback available\",\"readFeedback\":\"Read feedback\",\"wrongAnswer\":\"Wrong answer\",\"correctAnswer\":\"Correct answer\",\"shouldCheck\":\"Should have been checked\",\"shouldNotCheck\":\"Should not have been checked\",\"noInput\":\"Please answer before viewing the solution\",\"a11yCheck\":\"Check the answers. The responses will be marked as correct, incorrect, or unanswered.\",\"a11yShowSolution\":\"Show the solution. The task will be marked with its correct solution.\",\"a11yRetry\":\"Retry the task. Reset all responses and start the task over again.\"},\"confirmCheck\":{\"header\":\"Finish ?\",\"body\":\"Are you sure you wish to finish ?\",\"cancelLabel\":\"Cancel\",\"confirmLabel\":\"Finish\"},\"confirmRetry\":{\"header\":\"Retry ?\",\"body\":\"Are you sure you wish to retry ?\",\"cancelLabel\":\"Cancel\",\"confirmLabel\":\"Confirm\"},\"question\":\"<p>What is the fastest point of sail?<\\\/p>\\n\"},\"subContentId\":\"4e1c9be6-04ce-4b3d-bad4-74c5a2f3e8f8\",\"metadata\":{\"contentType\":\"Multiple Choice\",\"license\":\"U\",\"title\":\"Untitled Multiple Choice\",\"authors\":[],\"changes\":[],\"extraTitle\":\"Untitled Multiple Choice\"}},\"pause\":true,\"displayType\":\"poster\",\"buttonOnMobile\":false,\"adaptivity\":{\"correct\":{\"allowOptOut\":false,\"message\":\"\"},\"wrong\":{\"allowOptOut\":false,\"message\":\"\"},\"requireCompletion\":false},\"label\":\"<p>Points of Sail<\\\/p>\\n\"},{\"x\":36.02470970864619,\"y\":25.291464415819327,\"width\":15.283842794759826,\"height\":10.043668122270743,\"duration\":{\"from\":28.598,\"to\":38.598},\"libraryTitle\":\"Fill in the Blanks\",\"action\":{\"library\":\"H5P.Blanks 1.12\",\"params\":{\"media\":{\"disableImageZooming\":false,\"type\":{\"params\":{}}},\"text\":\"Fill in the missing words\",\"overallFeedback\":[{\"from\":0,\"to\":100}],\"showSolutions\":\"Show solution\",\"tryAgain\":\"Retry\",\"checkAnswer\":\"Check\",\"notFilledOut\":\"Please fill in all blanks to view solution\",\"answerIsCorrect\":\"&#039;:ans&#039; is correct\",\"answerIsWrong\":\"&#039;:ans&#039; is wrong\",\"answeredCorrectly\":\"Answered correctly\",\"answeredIncorrectly\":\"Answered incorrectly\",\"solutionLabel\":\"Correct answer:\",\"inputLabel\":\"Blank input @num of @total\",\"inputHasTipLabel\":\"Tip available\",\"tipLabel\":\"Tip\",\"behaviour\":{\"enableRetry\":true,\"enableSolutionsButton\":true,\"enableCheckButton\":true,\"autoCheck\":false,\"caseSensitive\":true,\"showSolutionsRequiresInput\":true,\"separateLines\":false,\"confirmCheckDialog\":false,\"confirmRetryDialog\":false,\"acceptSpellingErrors\":false},\"scoreBarLabel\":\"You got :num out of :total points\",\"a11yCheck\":\"Check the answers. The responses will be marked as correct, incorrect, or unanswered.\",\"a11yShowSolution\":\"Show the solution. The task will be marked with its correct solution.\",\"a11yRetry\":\"Retry the task. Reset all responses and start the task over again.\",\"a11yCheckingModeHeader\":\"Checking mode\",\"confirmCheck\":{\"header\":\"Finish ?\",\"body\":\"Are you sure you wish to finish ?\",\"cancelLabel\":\"Cancel\",\"confirmLabel\":\"Finish\"},\"confirmRetry\":{\"header\":\"Retry ?\",\"body\":\"Are you sure you wish to retry ?\",\"cancelLabel\":\"Cancel\",\"confirmLabel\":\"Confirm\"},\"questions\":[\"<p>The best way to travel on water is by *sailboat*<\\\/p>\\n\"],\"currikisettings\":{\"disableSubmitButton\":false,\"placeholder\":false,\"currikil10n\":{\"submitAnswer\":\"Submit\",\"placeholderButton\":\"Placeholder\"}}},\"subContentId\":\"c6155070-9e90-426d-bb3d-c7669d18fb98\",\"metadata\":{\"contentType\":\"Fill in the Blanks\",\"license\":\"U\",\"title\":\"Sailing is the best\",\"authors\":[],\"changes\":[],\"extraTitle\":\"Sailing is the best\"}},\"pause\":true,\"displayType\":\"poster\",\"buttonOnMobile\":false,\"adaptivity\":{\"correct\":{\"allowOptOut\":false,\"message\":\"\"},\"wrong\":{\"allowOptOut\":false,\"message\":\"\"},\"requireCompletion\":false},\"label\":\"\"}],\"bookmarks\":[],\"endscreens\":[{\"time\":572,\"label\":\"9:32 Submit screen\"}]},\"summary\":{\"task\":{\"library\":\"H5P.Summary 1.10\",\"params\":{\"intro\":\"Choose the correct statement.\",\"summaries\":[{\"subContentId\":\"128b3ad3-ef8a-4f97-b062-b0498ada81d0\",\"tip\":\"\"}],\"overallFeedback\":[{\"from\":0,\"to\":100}],\"solvedLabel\":\"Progress:\",\"scoreLabel\":\"Wrong answers:\",\"resultLabel\":\"Your result\",\"labelCorrect\":\"Correct.\",\"labelIncorrect\":\"Incorrect! Please try again.\",\"alternativeIncorrectLabel\":\"Incorrect\",\"labelCorrectAnswers\":\"Correct answers.\",\"tipButtonLabel\":\"Show tip\",\"scoreBarLabel\":\"You got :num out of :total points\",\"progressText\":\"Progress :num of :total\"},\"subContentId\":\"9bd44507-50be-4ed9-b8ac-1156925c2fc5\",\"metadata\":{\"contentType\":\"Summary\",\"license\":\"U\",\"title\":\"Untitled Summary\",\"authors\":[],\"changes\":[],\"extraTitle\":\"Untitled Summary\"}},\"displayAt\":3}},\"override\":{\"autoplay\":false,\"loop\":false,\"showBookmarksmenuOnLoad\":false,\"showRewind10\":false,\"preventSkipping\":false,\"deactivateSound\":false},\"l10n\":{\"interaction\":\"Interaction\",\"play\":\"Play\",\"pause\":\"Pause\",\"mute\":\"Mute\",\"unmute\":\"Unmute\",\"quality\":\"Video Quality\",\"captions\":\"Captions\",\"close\":\"Close\",\"fullscreen\":\"Fullscreen\",\"exitFullscreen\":\"Exit Fullscreen\",\"summary\":\"Open summary dialog\",\"bookmarks\":\"Bookmarks\",\"endscreen\":\"Submit screen\",\"defaultAdaptivitySeekLabel\":\"Continue\",\"continueWithVideo\":\"Continue with video\",\"playbackRate\":\"Playback Rate\",\"rewind10\":\"Rewind 10 Seconds\",\"navDisabled\":\"Navigation is disabled\",\"sndDisabled\":\"Sound is disabled\",\"requiresCompletionWarning\":\"You need to answer all the questions correctly before continuing.\",\"back\":\"Back\",\"hours\":\"Hours\",\"minutes\":\"Minutes\",\"seconds\":\"Seconds\",\"currentTime\":\"Current time:\",\"totalTime\":\"Total time:\",\"singleInteractionAnnouncement\":\"Interaction appeared:\",\"multipleInteractionsAnnouncement\":\"Multiple interactions appeared.\",\"videoPausedAnnouncement\":\"Video is paused\",\"content\":\"Content\",\"answered\":\"@answered answered\",\"endcardTitle\":\"@answered Question(s) answered\",\"endcardInformation\":\"You have answered @answered questions, click below to submit your answers.\",\"endcardInformationNoAnswers\":\"You have not answered any questions.\",\"endcardInformationMustHaveAnswer\":\"You have to answer at least one question before you can submit your answers.\",\"endcardSubmitButton\":\"Submit Answers\",\"endcardSubmitMessage\":\"Your answers have been submitted!\",\"endcardTableRowAnswered\":\"Answered questions\",\"endcardTableRowScore\":\"Score\",\"endcardAnsweredScore\":\"answered\",\"endCardTableRowSummaryWithScore\":\"You got @score out of @total points for the @question that appeared after @minutes minutes and @seconds seconds.\",\"endCardTableRowSummaryWithoutScore\":\"You have answered the @question that appeared after @minutes minutes and @seconds seconds.\"}}","filtered":"{\"interactiveVideo\":{\"video\":{\"startScreenOptions\":{\"title\":\"Interactive Video\",\"hideStartTitle\":false},\"textTracks\":{\"videoTrack\":[{\"label\":\"Subtitles\",\"kind\":\"subtitles\",\"srcLang\":\"en\"}]},\"files\":[{\"path\":\"https:\\\/\\\/youtu.be\\\/yqwb4HIrORM\",\"mime\":\"video\\\/YouTube\",\"copyright\":{\"license\":\"U\"}}]},\"assets\":{\"interactions\":[{\"x\":39.04066941433832,\"y\":29.080635223605622,\"width\":10.075566750629722,\"height\":13.602015113350125,\"duration\":{\"from\":74.464,\"to\":84.464},\"libraryTitle\":\"True\\\/False Question\",\"action\":{\"library\":\"H5P.TrueFalse 1.6\",\"params\":{\"media\":{\"disableImageZooming\":false},\"correct\":\"true\",\"behaviour\":{\"enableRetry\":true,\"enableSolutionsButton\":true,\"enableCheckButton\":true,\"confirmCheckDialog\":false,\"confirmRetryDialog\":false,\"autoCheck\":false},\"l10n\":{\"trueText\":\"True\",\"falseText\":\"False\",\"score\":\"You got @score of @total points\",\"checkAnswer\":\"Check\",\"showSolutionButton\":\"Show solution\",\"tryAgain\":\"Retry\",\"wrongAnswerMessage\":\"Wrong answer\",\"correctAnswerMessage\":\"Correct answer\",\"scoreBarLabel\":\"You got :num out of :total points\",\"a11yCheck\":\"Check the answers. The responses will be marked as correct, incorrect, or unanswered.\",\"a11yShowSolution\":\"Show the solution. The task will be marked with its correct solution.\",\"a11yRetry\":\"Retry the task. Reset all responses and start the task over again.\"},\"confirmCheck\":{\"header\":\"Finish ?\",\"body\":\"Are you sure you wish to finish ?\",\"cancelLabel\":\"Cancel\",\"confirmLabel\":\"Finish\"},\"confirmRetry\":{\"header\":\"Retry ?\",\"body\":\"Are you sure you wish to retry ?\",\"cancelLabel\":\"Cancel\",\"confirmLabel\":\"Confirm\"},\"question\":\"<p>Sailing is fun!<\\\/p>\\n\",\"currikisettings\":{\"disableSubmitButton\":false,\"placeholder\":false,\"currikil10n\":{\"submitAnswer\":\"Submit\",\"placeholderButton\":\"Placeholder\"}}},\"subContentId\":\"9c2c8b6a-675c-4496-9212-b72eac190412\",\"metadata\":{\"contentType\":\"True\\\/False Question\",\"license\":\"U\",\"title\":\"Untitled True\\\/False Question\"}},\"pause\":true,\"displayType\":\"poster\",\"buttonOnMobile\":false,\"adaptivity\":{\"correct\":{\"allowOptOut\":false,\"message\":\"\"},\"wrong\":{\"allowOptOut\":false,\"message\":\"\"},\"requireCompletion\":false},\"label\":\"\"},{\"x\":40.30159711999827,\"y\":11.183660757954978,\"width\":17.12846347607053,\"height\":14.105793450881611,\"duration\":{\"from\":470,\"to\":480},\"libraryTitle\":\"Multiple Choice\",\"action\":{\"library\":\"H5P.MultiChoice 1.14\",\"params\":{\"media\":{\"disableImageZooming\":false},\"answers\":[{\"correct\":true,\"tipsAndFeedback\":{\"tip\":\"\",\"chosenFeedback\":\"\",\"notChosenFeedback\":\"\"},\"text\":\"<div>Beam Reach<\\\/div>\\n\"},{\"correct\":false,\"tipsAndFeedback\":{\"tip\":\"\",\"chosenFeedback\":\"\",\"notChosenFeedback\":\"\"},\"text\":\"<div>Close Reach<\\\/div>\\n\"},{\"correct\":false,\"tipsAndFeedback\":{\"tip\":\"\",\"chosenFeedback\":\"\",\"notChosenFeedback\":\"\"},\"text\":\"<div>Broad Reach<\\\/div>\\n\"}],\"overallFeedback\":[{\"from\":0,\"to\":100}],\"behaviour\":{\"enableRetry\":true,\"enableSolutionsButton\":true,\"enableCheckButton\":true,\"type\":\"auto\",\"singlePoint\":false,\"randomAnswers\":true,\"showSolutionsRequiresInput\":true,\"confirmCheckDialog\":false,\"confirmRetryDialog\":false,\"autoCheck\":false,\"passPercentage\":100,\"showScorePoints\":true},\"UI\":{\"checkAnswerButton\":\"Check\",\"showSolutionButton\":\"Show solution\",\"tryAgainButton\":\"Retry\",\"tipsLabel\":\"Show tip\",\"scoreBarLabel\":\"You got :num out of :total points\",\"tipAvailable\":\"Tip available\",\"feedbackAvailable\":\"Feedback available\",\"readFeedback\":\"Read feedback\",\"wrongAnswer\":\"Wrong answer\",\"correctAnswer\":\"Correct answer\",\"shouldCheck\":\"Should have been checked\",\"shouldNotCheck\":\"Should not have been checked\",\"noInput\":\"Please answer before viewing the solution\",\"a11yCheck\":\"Check the answers. The responses will be marked as correct, incorrect, or unanswered.\",\"a11yShowSolution\":\"Show the solution. The task will be marked with its correct solution.\",\"a11yRetry\":\"Retry the task. Reset all responses and start the task over again.\"},\"confirmCheck\":{\"header\":\"Finish ?\",\"body\":\"Are you sure you wish to finish ?\",\"cancelLabel\":\"Cancel\",\"confirmLabel\":\"Finish\"},\"confirmRetry\":{\"header\":\"Retry ?\",\"body\":\"Are you sure you wish to retry ?\",\"cancelLabel\":\"Cancel\",\"confirmLabel\":\"Confirm\"},\"question\":\"<p>What is the fastest point of sail?<\\\/p>\\n\"},\"subContentId\":\"4e1c9be6-04ce-4b3d-bad4-74c5a2f3e8f8\",\"metadata\":{\"contentType\":\"Multiple Choice\",\"license\":\"U\",\"title\":\"Untitled Multiple Choice\"}},\"pause\":true,\"displayType\":\"poster\",\"buttonOnMobile\":false,\"adaptivity\":{\"correct\":{\"allowOptOut\":false,\"message\":\"\"},\"wrong\":{\"allowOptOut\":false,\"message\":\"\"},\"requireCompletion\":false},\"label\":\"<p>Points of Sail<\\\/p>\\n\"},{\"x\":36.02470970864619,\"y\":25.291464415819327,\"width\":15.283842794759826,\"height\":10.043668122270743,\"duration\":{\"from\":28.598,\"to\":38.598},\"libraryTitle\":\"Fill in the Blanks\",\"action\":{\"library\":\"H5P.Blanks 1.12\",\"params\":{\"media\":{\"disableImageZooming\":false},\"text\":\"Fill in the missing words\",\"overallFeedback\":[{\"from\":0,\"to\":100}],\"showSolutions\":\"Show solution\",\"tryAgain\":\"Retry\",\"checkAnswer\":\"Check\",\"notFilledOut\":\"Please fill in all blanks to view solution\",\"answerIsCorrect\":\"&#039;:ans&#039; is correct\",\"answerIsWrong\":\"&#039;:ans&#039; is wrong\",\"answeredCorrectly\":\"Answered correctly\",\"answeredIncorrectly\":\"Answered incorrectly\",\"solutionLabel\":\"Correct answer:\",\"inputLabel\":\"Blank input @num of @total\",\"inputHasTipLabel\":\"Tip available\",\"tipLabel\":\"Tip\",\"behaviour\":{\"enableRetry\":true,\"enableSolutionsButton\":true,\"enableCheckButton\":true,\"autoCheck\":false,\"caseSensitive\":true,\"showSolutionsRequiresInput\":true,\"separateLines\":false,\"confirmCheckDialog\":false,\"confirmRetryDialog\":false,\"acceptSpellingErrors\":false},\"scoreBarLabel\":\"You got :num out of :total points\",\"a11yCheck\":\"Check the answers. The responses will be marked as correct, incorrect, or unanswered.\",\"a11yShowSolution\":\"Show the solution. The task will be marked with its correct solution.\",\"a11yRetry\":\"Retry the task. Reset all responses and start the task over again.\",\"a11yCheckingModeHeader\":\"Checking mode\",\"confirmCheck\":{\"header\":\"Finish ?\",\"body\":\"Are you sure you wish to finish ?\",\"cancelLabel\":\"Cancel\",\"confirmLabel\":\"Finish\"},\"confirmRetry\":{\"header\":\"Retry ?\",\"body\":\"Are you sure you wish to retry ?\",\"cancelLabel\":\"Cancel\",\"confirmLabel\":\"Confirm\"},\"questions\":[\"<p>The best way to travel on water is by *sailboat*<\\\/p>\\n\"],\"currikisettings\":{\"disableSubmitButton\":false,\"placeholder\":false,\"currikil10n\":{\"submitAnswer\":\"Submit\",\"placeholderButton\":\"Placeholder\"}}},\"subContentId\":\"c6155070-9e90-426d-bb3d-c7669d18fb98\",\"metadata\":{\"contentType\":\"Fill in the Blanks\",\"license\":\"U\",\"title\":\"Sailing is the best\"}},\"pause\":true,\"displayType\":\"poster\",\"buttonOnMobile\":false,\"adaptivity\":{\"correct\":{\"allowOptOut\":false,\"message\":\"\"},\"wrong\":{\"allowOptOut\":false,\"message\":\"\"},\"requireCompletion\":false},\"label\":\"\"}],\"endscreens\":[{\"time\":572,\"label\":\"9:32 Submit screen\"}]},\"summary\":{\"task\":{\"library\":\"H5P.Summary 1.10\",\"params\":{\"intro\":\"Choose the correct statement.\",\"summaries\":[{\"subContentId\":\"128b3ad3-ef8a-4f97-b062-b0498ada81d0\",\"tip\":\"\"}],\"overallFeedback\":[{\"from\":0,\"to\":100}],\"solvedLabel\":\"Progress:\",\"scoreLabel\":\"Wrong answers:\",\"resultLabel\":\"Your result\",\"labelCorrect\":\"Correct.\",\"labelIncorrect\":\"Incorrect! Please try again.\",\"alternativeIncorrectLabel\":\"Incorrect\",\"labelCorrectAnswers\":\"Correct answers.\",\"tipButtonLabel\":\"Show tip\",\"scoreBarLabel\":\"You got :num out of :total points\",\"progressText\":\"Progress :num of :total\"},\"subContentId\":\"9bd44507-50be-4ed9-b8ac-1156925c2fc5\",\"metadata\":{\"contentType\":\"Summary\",\"license\":\"U\",\"title\":\"Untitled Summary\"}},\"displayAt\":3}},\"override\":{\"autoplay\":false,\"loop\":false,\"showBookmarksmenuOnLoad\":false,\"showRewind10\":false,\"preventSkipping\":false,\"deactivateSound\":false},\"l10n\":{\"interaction\":\"Interaction\",\"play\":\"Play\",\"pause\":\"Pause\",\"mute\":\"Mute\",\"unmute\":\"Unmute\",\"quality\":\"Video Quality\",\"captions\":\"Captions\",\"close\":\"Close\",\"fullscreen\":\"Fullscreen\",\"exitFullscreen\":\"Exit Fullscreen\",\"summary\":\"Open summary dialog\",\"bookmarks\":\"Bookmarks\",\"endscreen\":\"Submit screen\",\"defaultAdaptivitySeekLabel\":\"Continue\",\"continueWithVideo\":\"Continue with video\",\"playbackRate\":\"Playback Rate\",\"rewind10\":\"Rewind 10 Seconds\",\"navDisabled\":\"Navigation is disabled\",\"sndDisabled\":\"Sound is disabled\",\"requiresCompletionWarning\":\"You need to answer all the questions correctly before continuing.\",\"back\":\"Back\",\"hours\":\"Hours\",\"minutes\":\"Minutes\",\"seconds\":\"Seconds\",\"currentTime\":\"Current time:\",\"totalTime\":\"Total time:\",\"singleInteractionAnnouncement\":\"Interaction appeared:\",\"multipleInteractionsAnnouncement\":\"Multiple interactions appeared.\",\"videoPausedAnnouncement\":\"Video is paused\",\"content\":\"Content\",\"answered\":\"@answered answered\",\"endcardTitle\":\"@answered Question(s) answered\",\"endcardInformation\":\"You have answered @answered questions, click below to submit your answers.\",\"endcardInformationNoAnswers\":\"You have not answered any questions.\",\"endcardInformationMustHaveAnswer\":\"You have to answer at least one question before you can submit your answers.\",\"endcardSubmitButton\":\"Submit Answers\",\"endcardSubmitMessage\":\"Your answers have been submitted!\",\"endcardTableRowAnswered\":\"Answered questions\",\"endcardTableRowScore\":\"Score\",\"endcardAnsweredScore\":\"answered\",\"endCardTableRowSummaryWithScore\":\"You got @score out of @total points for the @question that appeared after @minutes minutes and @seconds seconds.\",\"endCardTableRowSummaryWithoutScore\":\"You have answered the @question that appeared after @minutes minutes and @seconds seconds.\"}}","slug":"sailing-physics","embed_type":"div","disable":9,"content_type":null,"authors":"[]","source":null,"year_from":null,"year_to":null,"license":"U","license_version":null,"license_extras":null,"author_comments":null,"changes":"[]","default_language":null,"library_title":"H5P.InteractiveVideo","library_major_version":1,"library_minor_version":22}