{"id":567,"created_at":"2020-06-18T04:19:27.000000Z","updated_at":"2020-06-18T04:19:27.000000Z","user_id":1,"title":"About Curriki - Interactive Video","library_id":162,"parameters":"{\"interactiveVideo\":{\"video\":{\"startScreenOptions\":{\"title\":\"Interactive Video\",\"hideStartTitle\":false},\"textTracks\":{\"videoTrack\":[{\"label\":\"Subtitles\",\"kind\":\"subtitles\",\"srcLang\":\"en\"}]},\"files\":[{\"path\":\"https:\\\/\\\/youtu.be\\\/L4scQJyGO0Q\",\"mime\":\"video\\\/YouTube\",\"copyright\":{\"license\":\"U\"},\"aspectRatio\":\"16:9\"}]},\"assets\":{\"interactions\":[{\"x\":47.86666666666667,\"y\":46.090047393364934,\"width\":10,\"height\":10,\"duration\":{\"from\":6.644,\"to\":9.644},\"libraryTitle\":\"Multiple Choice\",\"action\":{\"library\":\"H5P.MultiChoice 1.14\",\"params\":{\"media\":{\"type\":{\"params\":{}},\"disableImageZooming\":false},\"answers\":[{\"correct\":true,\"tipsAndFeedback\":{\"tip\":\"\",\"chosenFeedback\":\"\",\"notChosenFeedback\":\"\"},\"text\":\"<div>Nonprofits<\\\/div>\\n\"},{\"correct\":true,\"tipsAndFeedback\":{\"tip\":\"\",\"chosenFeedback\":\"\",\"notChosenFeedback\":\"\"},\"text\":\"<div>Corporations<\\\/div>\\n\"},{\"correct\":true,\"tipsAndFeedback\":{\"tip\":\"\",\"chosenFeedback\":\"\",\"notChosenFeedback\":\"\"},\"text\":\"<div>Educators<\\\/div>\\n\"},{\"correct\":false,\"tipsAndFeedback\":{\"tip\":\"\",\"chosenFeedback\":\"\",\"notChosenFeedback\":\"\"},\"text\":\"<div>Subject Matter Experts<\\\/div>\\n\"}],\"overallFeedback\":[{\"from\":0,\"to\":100}],\"behaviour\":{\"enableRetry\":true,\"enableSolutionsButton\":true,\"enableCheckButton\":true,\"type\":\"auto\",\"singlePoint\":false,\"randomAnswers\":true,\"showSolutionsRequiresInput\":true,\"confirmCheckDialog\":false,\"confirmRetryDialog\":false,\"autoCheck\":false,\"passPercentage\":100,\"showScorePoints\":true},\"UI\":{\"checkAnswerButton\":\"Check\",\"showSolutionButton\":\"Show solution\",\"tryAgainButton\":\"Retry\",\"tipsLabel\":\"Show tip\",\"scoreBarLabel\":\"You got :num out of :total points\",\"tipAvailable\":\"Tip available\",\"feedbackAvailable\":\"Feedback available\",\"readFeedback\":\"Read feedback\",\"wrongAnswer\":\"Wrong answer\",\"correctAnswer\":\"Correct answer\",\"shouldCheck\":\"Should have been checked\",\"shouldNotCheck\":\"Should not have been checked\",\"noInput\":\"Please answer before viewing the solution\"},\"confirmCheck\":{\"header\":\"Finish ?\",\"body\":\"Are you sure you wish to finish ?\",\"cancelLabel\":\"Cancel\",\"confirmLabel\":\"Finish\"},\"confirmRetry\":{\"header\":\"Retry ?\",\"body\":\"Are you sure you wish to retry ?\",\"cancelLabel\":\"Cancel\",\"confirmLabel\":\"Confirm\"},\"question\":\"<p>Who does Curriki partner with? Select all that apply.<\\\/p>\\n\"},\"subContentId\":\"3a17f68c-a182-4e84-bb09-45144b63efa4\",\"metadata\":{\"contentType\":\"Multiple Choice\",\"license\":\"U\",\"title\":\"Who does Curriki partner with? Select all that apply.\",\"authors\":[],\"changes\":[],\"extraTitle\":\"Who does Curriki partner with? Select all that apply.\"}},\"pause\":false,\"displayType\":\"button\",\"buttonOnMobile\":false,\"adaptivity\":{\"correct\":{\"allowOptOut\":false,\"message\":\"\"},\"wrong\":{\"allowOptOut\":false,\"message\":\"\"},\"requireCompletion\":false},\"label\":\"<p>Demo Question<\\\/p>\\n\"},{\"x\":24,\"y\":30.80568720379147,\"width\":10,\"height\":10,\"duration\":{\"from\":10.86,\"to\":12.06},\"libraryTitle\":\"True\\\/False Question\",\"action\":{\"library\":\"H5P.TrueFalse 1.6\",\"params\":{\"media\":{\"type\":{\"params\":{}},\"disableImageZooming\":false},\"correct\":\"true\",\"behaviour\":{\"enableRetry\":true,\"enableSolutionsButton\":true,\"enableCheckButton\":true,\"confirmCheckDialog\":false,\"confirmRetryDialog\":false,\"autoCheck\":false},\"l10n\":{\"trueText\":\"True\",\"falseText\":\"False\",\"score\":\"You got @score of @total points\",\"checkAnswer\":\"Check\",\"showSolutionButton\":\"Show solution\",\"tryAgain\":\"Retry\",\"wrongAnswerMessage\":\"Wrong answer\",\"correctAnswerMessage\":\"Correct answer\",\"scoreBarLabel\":\"You got :num out of :total points\"},\"confirmCheck\":{\"header\":\"Finish ?\",\"body\":\"Are you sure you wish to finish ?\",\"cancelLabel\":\"Cancel\",\"confirmLabel\":\"Finish\"},\"confirmRetry\":{\"header\":\"Retry ?\",\"body\":\"Are you sure you wish to retry ?\",\"cancelLabel\":\"Cancel\",\"confirmLabel\":\"Confirm\"},\"question\":\"<p>True or false? Curriki is open source.<\\\/p>\\n\"},\"subContentId\":\"e5e11383-d380-4608-acd7-25202741e7ca\",\"metadata\":{\"contentType\":\"True\\\/False Question\",\"license\":\"U\",\"title\":\"True or false? Curriki is open source.\",\"authors\":[],\"changes\":[],\"extraTitle\":\"True or false? Curriki is open source.\"}},\"pause\":false,\"displayType\":\"button\",\"buttonOnMobile\":false,\"adaptivity\":{\"correct\":{\"allowOptOut\":false,\"message\":\"\"},\"wrong\":{\"allowOptOut\":false,\"message\":\"\"},\"requireCompletion\":false},\"label\":\"<p>Demo Question<\\\/p>\\n\"},{\"x\":64,\"y\":73.45971563981043,\"width\":10,\"height\":10,\"duration\":{\"from\":25.884,\"to\":28.084},\"libraryTitle\":\"Multiple Choice\",\"action\":{\"library\":\"H5P.MultiChoice 1.14\",\"params\":{\"media\":{\"type\":{\"params\":{}},\"disableImageZooming\":false},\"answers\":[{\"correct\":false,\"tipsAndFeedback\":{\"tip\":\"\",\"chosenFeedback\":\"\",\"notChosenFeedback\":\"\"},\"text\":\"<div>5<\\\/div>\\n\"},{\"correct\":false,\"tipsAndFeedback\":{\"tip\":\"\",\"chosenFeedback\":\"\",\"notChosenFeedback\":\"\"},\"text\":\"<div>10<\\\/div>\\n\"},{\"correct\":true,\"tipsAndFeedback\":{\"tip\":\"\",\"chosenFeedback\":\"\",\"notChosenFeedback\":\"\"},\"text\":\"<div>40+&nbsp;and always adding more<\\\/div>\\n\"}],\"overallFeedback\":[{\"from\":0,\"to\":100}],\"behaviour\":{\"enableRetry\":true,\"enableSolutionsButton\":true,\"enableCheckButton\":true,\"type\":\"auto\",\"singlePoint\":false,\"randomAnswers\":true,\"showSolutionsRequiresInput\":true,\"confirmCheckDialog\":false,\"confirmRetryDialog\":false,\"autoCheck\":false,\"passPercentage\":100,\"showScorePoints\":true},\"UI\":{\"checkAnswerButton\":\"Check\",\"showSolutionButton\":\"Show solution\",\"tryAgainButton\":\"Retry\",\"tipsLabel\":\"Show tip\",\"scoreBarLabel\":\"You got :num out of :total points\",\"tipAvailable\":\"Tip available\",\"feedbackAvailable\":\"Feedback available\",\"readFeedback\":\"Read feedback\",\"wrongAnswer\":\"Wrong answer\",\"correctAnswer\":\"Correct answer\",\"shouldCheck\":\"Should have been checked\",\"shouldNotCheck\":\"Should not have been checked\",\"noInput\":\"Please answer before viewing the solution\"},\"confirmCheck\":{\"header\":\"Finish ?\",\"body\":\"Are you sure you wish to finish ?\",\"cancelLabel\":\"Cancel\",\"confirmLabel\":\"Finish\"},\"confirmRetry\":{\"header\":\"Retry ?\",\"body\":\"Are you sure you wish to retry ?\",\"cancelLabel\":\"Cancel\",\"confirmLabel\":\"Confirm\"},\"question\":\"<p>How many interactive learning activities does CurrikiStudio have for authors?<\\\/p>\\n\"},\"subContentId\":\"955de9b0-8301-4499-a56e-9a49c88248b6\",\"metadata\":{\"contentType\":\"Multiple Choice\",\"license\":\"U\",\"title\":\"How many interactive learning activities does CurrikiStudio have for authors?\",\"authors\":[],\"changes\":[],\"extraTitle\":\"How many interactive learning activities does CurrikiStudio have for authors?\"}},\"pause\":false,\"displayType\":\"button\",\"buttonOnMobile\":false,\"adaptivity\":{\"correct\":{\"allowOptOut\":false,\"message\":\"\"},\"wrong\":{\"allowOptOut\":false,\"message\":\"\"},\"requireCompletion\":false},\"label\":\"<p>Demo Question<\\\/p>\\n\"},{\"x\":46.666666666666664,\"y\":61.61137440758294,\"width\":10,\"height\":10,\"duration\":{\"from\":48.677,\"to\":52},\"libraryTitle\":\"True\\\/False Question\",\"action\":{\"library\":\"H5P.TrueFalse 1.6\",\"params\":{\"media\":{\"type\":{\"params\":{}},\"disableImageZooming\":false},\"correct\":\"true\",\"behaviour\":{\"enableRetry\":true,\"enableSolutionsButton\":true,\"enableCheckButton\":true,\"confirmCheckDialog\":false,\"confirmRetryDialog\":false,\"autoCheck\":false},\"l10n\":{\"trueText\":\"True\",\"falseText\":\"False\",\"score\":\"You got @score of @total points\",\"checkAnswer\":\"Check\",\"showSolutionButton\":\"Show solution\",\"tryAgain\":\"Retry\",\"wrongAnswerMessage\":\"Wrong answer\",\"correctAnswerMessage\":\"Correct answer\",\"scoreBarLabel\":\"You got :num out of :total points\"},\"confirmCheck\":{\"header\":\"Finish ?\",\"body\":\"Are you sure you wish to finish ?\",\"cancelLabel\":\"Cancel\",\"confirmLabel\":\"Finish\"},\"confirmRetry\":{\"header\":\"Retry ?\",\"body\":\"Are you sure you wish to retry ?\",\"cancelLabel\":\"Cancel\",\"confirmLabel\":\"Confirm\"},\"question\":\"<p>I am ready and excited to start building an interactive learning experience in CurrikiStudio!<\\\/p>\\n\"},\"subContentId\":\"77b2782d-73a3-44ee-ba1c-579cbadfc1a1\",\"metadata\":{\"contentType\":\"True\\\/False Question\",\"license\":\"U\",\"title\":\"Are you ready to start building?!\",\"authors\":[],\"changes\":[],\"extraTitle\":\"Are you ready to start building?!\"}},\"pause\":false,\"displayType\":\"button\",\"buttonOnMobile\":false,\"adaptivity\":{\"correct\":{\"allowOptOut\":false,\"message\":\"\"},\"wrong\":{\"allowOptOut\":false,\"message\":\"\"},\"requireCompletion\":false},\"label\":\"<p>Demo question<\\\/p>\\n\"}],\"bookmarks\":[],\"endscreens\":[{\"time\":53,\"label\":\"0:53 Submit screen\"}]},\"summary\":{\"task\":{\"library\":\"H5P.Summary 1.10\",\"params\":{\"intro\":\"Choose the correct statement.\",\"summaries\":[{\"subContentId\":\"265c1704-b938-4888-b82f-bb4fcd8def91\",\"tip\":\"\"}],\"overallFeedback\":[{\"from\":0,\"to\":100}],\"solvedLabel\":\"Progress:\",\"scoreLabel\":\"Wrong answers:\",\"resultLabel\":\"Your result\",\"labelCorrect\":\"Correct.\",\"labelIncorrect\":\"Incorrect! Please try again.\",\"alternativeIncorrectLabel\":\"Incorrect\",\"labelCorrectAnswers\":\"Correct answers.\",\"tipButtonLabel\":\"Show tip\",\"scoreBarLabel\":\"You got :num out of :total points\",\"progressText\":\"Progress :num of :total\"},\"subContentId\":\"6ef4f91d-d97f-4ec8-9251-db614de124a2\",\"metadata\":{\"contentType\":\"Summary\",\"license\":\"U\",\"title\":\"Untitled Summary\",\"authors\":[],\"changes\":[],\"extraTitle\":\"Untitled Summary\"}},\"displayAt\":3}},\"override\":{\"autoplay\":false,\"loop\":false,\"showBookmarksmenuOnLoad\":false,\"showRewind10\":false,\"preventSkipping\":false,\"deactivateSound\":false},\"l10n\":{\"interaction\":\"Interaction\",\"play\":\"Play\",\"pause\":\"Pause\",\"mute\":\"Mute\",\"unmute\":\"Unmute\",\"quality\":\"Video Quality\",\"captions\":\"Captions\",\"close\":\"Close\",\"fullscreen\":\"Fullscreen\",\"exitFullscreen\":\"Exit Fullscreen\",\"summary\":\"Open summary dialog\",\"bookmarks\":\"Bookmarks\",\"endscreen\":\"Submit screen\",\"defaultAdaptivitySeekLabel\":\"Continue\",\"continueWithVideo\":\"Continue with video\",\"playbackRate\":\"Playback Rate\",\"rewind10\":\"Rewind 10 Seconds\",\"navDisabled\":\"Navigation is disabled\",\"sndDisabled\":\"Sound is disabled\",\"requiresCompletionWarning\":\"You need to answer all the questions correctly before continuing.\",\"back\":\"Back\",\"hours\":\"Hours\",\"minutes\":\"Minutes\",\"seconds\":\"Seconds\",\"currentTime\":\"Current time:\",\"totalTime\":\"Total time:\",\"singleInteractionAnnouncement\":\"Interaction appeared:\",\"multipleInteractionsAnnouncement\":\"Multiple interactions appeared.\",\"videoPausedAnnouncement\":\"Video is paused\",\"content\":\"Content\",\"answered\":\"@answered answered\",\"endcardTitle\":\"@answered Question(s) answered\",\"endcardInformation\":\"You have answered @answered questions, click below to submit your answers.\",\"endcardInformationNoAnswers\":\"You have not answered any questions.\",\"endcardInformationMustHaveAnswer\":\"You have to answer at least one question before you can submit your answers.\",\"endcardSubmitButton\":\"Submit Answers\",\"endcardSubmitMessage\":\"Your answers have been submitted!\",\"endcardTableRowAnswered\":\"Answered questions\",\"endcardTableRowScore\":\"Score\",\"endcardAnsweredScore\":\"answered\",\"endCardTableRowSummaryWithScore\":\"You got @score out of @total points for the @question that appeared after @minutes minutes and @seconds seconds.\",\"endCardTableRowSummaryWithoutScore\":\"You have answered the @question that appeared after @minutes minutes and @seconds seconds.\"}}","filtered":"{\"interactiveVideo\":{\"video\":{\"startScreenOptions\":{\"title\":\"Interactive Video\",\"hideStartTitle\":false},\"textTracks\":{\"videoTrack\":[{\"label\":\"Subtitles\",\"kind\":\"subtitles\",\"srcLang\":\"en\"}]},\"files\":[{\"path\":\"https:\\\/\\\/youtu.be\\\/L4scQJyGO0Q\",\"mime\":\"video\\\/YouTube\",\"copyright\":{\"license\":\"U\"}}]},\"assets\":{\"interactions\":[{\"x\":47.86666666666667,\"y\":46.090047393364934,\"width\":10,\"height\":10,\"duration\":{\"from\":6.644,\"to\":9.644},\"libraryTitle\":\"Multiple Choice\",\"action\":{\"library\":\"H5P.MultiChoice 1.14\",\"params\":{\"media\":{\"disableImageZooming\":false},\"answers\":[{\"correct\":true,\"tipsAndFeedback\":{\"tip\":\"\",\"chosenFeedback\":\"\",\"notChosenFeedback\":\"\"},\"text\":\"<div>Nonprofits<\\\/div>\\n\"},{\"correct\":true,\"tipsAndFeedback\":{\"tip\":\"\",\"chosenFeedback\":\"\",\"notChosenFeedback\":\"\"},\"text\":\"<div>Corporations<\\\/div>\\n\"},{\"correct\":true,\"tipsAndFeedback\":{\"tip\":\"\",\"chosenFeedback\":\"\",\"notChosenFeedback\":\"\"},\"text\":\"<div>Educators<\\\/div>\\n\"},{\"correct\":false,\"tipsAndFeedback\":{\"tip\":\"\",\"chosenFeedback\":\"\",\"notChosenFeedback\":\"\"},\"text\":\"<div>Subject Matter Experts<\\\/div>\\n\"}],\"overallFeedback\":[{\"from\":0,\"to\":100}],\"behaviour\":{\"enableRetry\":true,\"enableSolutionsButton\":true,\"enableCheckButton\":true,\"type\":\"auto\",\"singlePoint\":false,\"randomAnswers\":true,\"showSolutionsRequiresInput\":true,\"confirmCheckDialog\":false,\"confirmRetryDialog\":false,\"autoCheck\":false,\"passPercentage\":100,\"showScorePoints\":true},\"UI\":{\"checkAnswerButton\":\"Check\",\"showSolutionButton\":\"Show solution\",\"tryAgainButton\":\"Retry\",\"tipsLabel\":\"Show tip\",\"scoreBarLabel\":\"You got :num out of :total points\",\"tipAvailable\":\"Tip available\",\"feedbackAvailable\":\"Feedback available\",\"readFeedback\":\"Read feedback\",\"wrongAnswer\":\"Wrong answer\",\"correctAnswer\":\"Correct answer\",\"shouldCheck\":\"Should have been checked\",\"shouldNotCheck\":\"Should not have been checked\",\"noInput\":\"Please answer before viewing the solution\"},\"confirmCheck\":{\"header\":\"Finish ?\",\"body\":\"Are you sure you wish to finish ?\",\"cancelLabel\":\"Cancel\",\"confirmLabel\":\"Finish\"},\"confirmRetry\":{\"header\":\"Retry ?\",\"body\":\"Are you sure you wish to retry ?\",\"cancelLabel\":\"Cancel\",\"confirmLabel\":\"Confirm\"},\"question\":\"<p>Who does Curriki partner with? Select all that apply.<\\\/p>\\n\"},\"subContentId\":\"3a17f68c-a182-4e84-bb09-45144b63efa4\",\"metadata\":{\"contentType\":\"Multiple Choice\",\"license\":\"U\",\"title\":\"Who does Curriki partner with? Select all that apply.\"}},\"pause\":false,\"displayType\":\"button\",\"buttonOnMobile\":false,\"adaptivity\":{\"correct\":{\"allowOptOut\":false,\"message\":\"\"},\"wrong\":{\"allowOptOut\":false,\"message\":\"\"},\"requireCompletion\":false},\"label\":\"<p>Demo Question<\\\/p>\\n\"},{\"x\":24,\"y\":30.80568720379147,\"width\":10,\"height\":10,\"duration\":{\"from\":10.86,\"to\":12.06},\"libraryTitle\":\"True\\\/False Question\",\"action\":{\"library\":\"H5P.TrueFalse 1.6\",\"params\":{\"media\":{\"disableImageZooming\":false},\"correct\":\"true\",\"behaviour\":{\"enableRetry\":true,\"enableSolutionsButton\":true,\"enableCheckButton\":true,\"confirmCheckDialog\":false,\"confirmRetryDialog\":false,\"autoCheck\":false},\"l10n\":{\"trueText\":\"True\",\"falseText\":\"False\",\"score\":\"You got @score of @total points\",\"checkAnswer\":\"Check\",\"showSolutionButton\":\"Show solution\",\"tryAgain\":\"Retry\",\"wrongAnswerMessage\":\"Wrong answer\",\"correctAnswerMessage\":\"Correct answer\",\"scoreBarLabel\":\"You got :num out of :total points\"},\"confirmCheck\":{\"header\":\"Finish ?\",\"body\":\"Are you sure you wish to finish ?\",\"cancelLabel\":\"Cancel\",\"confirmLabel\":\"Finish\"},\"confirmRetry\":{\"header\":\"Retry ?\",\"body\":\"Are you sure you wish to retry ?\",\"cancelLabel\":\"Cancel\",\"confirmLabel\":\"Confirm\"},\"question\":\"<p>True or false? Curriki is open source.<\\\/p>\\n\"},\"subContentId\":\"e5e11383-d380-4608-acd7-25202741e7ca\",\"metadata\":{\"contentType\":\"True\\\/False Question\",\"license\":\"U\",\"title\":\"True or false? Curriki is open source.\"}},\"pause\":false,\"displayType\":\"button\",\"buttonOnMobile\":false,\"adaptivity\":{\"correct\":{\"allowOptOut\":false,\"message\":\"\"},\"wrong\":{\"allowOptOut\":false,\"message\":\"\"},\"requireCompletion\":false},\"label\":\"<p>Demo Question<\\\/p>\\n\"},{\"x\":64,\"y\":73.45971563981043,\"width\":10,\"height\":10,\"duration\":{\"from\":25.884,\"to\":28.084},\"libraryTitle\":\"Multiple Choice\",\"action\":{\"library\":\"H5P.MultiChoice 1.14\",\"params\":{\"media\":{\"disableImageZooming\":false},\"answers\":[{\"correct\":false,\"tipsAndFeedback\":{\"tip\":\"\",\"chosenFeedback\":\"\",\"notChosenFeedback\":\"\"},\"text\":\"<div>5<\\\/div>\\n\"},{\"correct\":false,\"tipsAndFeedback\":{\"tip\":\"\",\"chosenFeedback\":\"\",\"notChosenFeedback\":\"\"},\"text\":\"<div>10<\\\/div>\\n\"},{\"correct\":true,\"tipsAndFeedback\":{\"tip\":\"\",\"chosenFeedback\":\"\",\"notChosenFeedback\":\"\"},\"text\":\"<div>40+&nbsp;and always adding more<\\\/div>\\n\"}],\"overallFeedback\":[{\"from\":0,\"to\":100}],\"behaviour\":{\"enableRetry\":true,\"enableSolutionsButton\":true,\"enableCheckButton\":true,\"type\":\"auto\",\"singlePoint\":false,\"randomAnswers\":true,\"showSolutionsRequiresInput\":true,\"confirmCheckDialog\":false,\"confirmRetryDialog\":false,\"autoCheck\":false,\"passPercentage\":100,\"showScorePoints\":true},\"UI\":{\"checkAnswerButton\":\"Check\",\"showSolutionButton\":\"Show solution\",\"tryAgainButton\":\"Retry\",\"tipsLabel\":\"Show tip\",\"scoreBarLabel\":\"You got :num out of :total points\",\"tipAvailable\":\"Tip available\",\"feedbackAvailable\":\"Feedback available\",\"readFeedback\":\"Read feedback\",\"wrongAnswer\":\"Wrong answer\",\"correctAnswer\":\"Correct answer\",\"shouldCheck\":\"Should have been checked\",\"shouldNotCheck\":\"Should not have been checked\",\"noInput\":\"Please answer before viewing the solution\"},\"confirmCheck\":{\"header\":\"Finish ?\",\"body\":\"Are you sure you wish to finish ?\",\"cancelLabel\":\"Cancel\",\"confirmLabel\":\"Finish\"},\"confirmRetry\":{\"header\":\"Retry ?\",\"body\":\"Are you sure you wish to retry ?\",\"cancelLabel\":\"Cancel\",\"confirmLabel\":\"Confirm\"},\"question\":\"<p>How many interactive learning activities does CurrikiStudio have for authors?<\\\/p>\\n\"},\"subContentId\":\"955de9b0-8301-4499-a56e-9a49c88248b6\",\"metadata\":{\"contentType\":\"Multiple Choice\",\"license\":\"U\",\"title\":\"How many interactive learning activities does CurrikiStudio have for authors?\"}},\"pause\":false,\"displayType\":\"button\",\"buttonOnMobile\":false,\"adaptivity\":{\"correct\":{\"allowOptOut\":false,\"message\":\"\"},\"wrong\":{\"allowOptOut\":false,\"message\":\"\"},\"requireCompletion\":false},\"label\":\"<p>Demo Question<\\\/p>\\n\"},{\"x\":46.666666666666664,\"y\":61.61137440758294,\"width\":10,\"height\":10,\"duration\":{\"from\":48.677,\"to\":52},\"libraryTitle\":\"True\\\/False Question\",\"action\":{\"library\":\"H5P.TrueFalse 1.6\",\"params\":{\"media\":{\"disableImageZooming\":false},\"correct\":\"true\",\"behaviour\":{\"enableRetry\":true,\"enableSolutionsButton\":true,\"enableCheckButton\":true,\"confirmCheckDialog\":false,\"confirmRetryDialog\":false,\"autoCheck\":false},\"l10n\":{\"trueText\":\"True\",\"falseText\":\"False\",\"score\":\"You got @score of @total points\",\"checkAnswer\":\"Check\",\"showSolutionButton\":\"Show solution\",\"tryAgain\":\"Retry\",\"wrongAnswerMessage\":\"Wrong answer\",\"correctAnswerMessage\":\"Correct answer\",\"scoreBarLabel\":\"You got :num out of :total points\"},\"confirmCheck\":{\"header\":\"Finish ?\",\"body\":\"Are you sure you wish to finish ?\",\"cancelLabel\":\"Cancel\",\"confirmLabel\":\"Finish\"},\"confirmRetry\":{\"header\":\"Retry ?\",\"body\":\"Are you sure you wish to retry ?\",\"cancelLabel\":\"Cancel\",\"confirmLabel\":\"Confirm\"},\"question\":\"<p>I am ready and excited to start building an interactive learning experience in CurrikiStudio!<\\\/p>\\n\"},\"subContentId\":\"77b2782d-73a3-44ee-ba1c-579cbadfc1a1\",\"metadata\":{\"contentType\":\"True\\\/False Question\",\"license\":\"U\",\"title\":\"Are you ready to start building?!\"}},\"pause\":false,\"displayType\":\"button\",\"buttonOnMobile\":false,\"adaptivity\":{\"correct\":{\"allowOptOut\":false,\"message\":\"\"},\"wrong\":{\"allowOptOut\":false,\"message\":\"\"},\"requireCompletion\":false},\"label\":\"<p>Demo question<\\\/p>\\n\"}],\"endscreens\":[{\"time\":53,\"label\":\"0:53 Submit screen\"}]},\"summary\":{\"task\":{\"library\":\"H5P.Summary 1.10\",\"params\":{\"intro\":\"Choose the correct statement.\",\"summaries\":[{\"subContentId\":\"265c1704-b938-4888-b82f-bb4fcd8def91\",\"tip\":\"\"}],\"overallFeedback\":[{\"from\":0,\"to\":100}],\"solvedLabel\":\"Progress:\",\"scoreLabel\":\"Wrong answers:\",\"resultLabel\":\"Your result\",\"labelCorrect\":\"Correct.\",\"labelIncorrect\":\"Incorrect! Please try again.\",\"alternativeIncorrectLabel\":\"Incorrect\",\"labelCorrectAnswers\":\"Correct answers.\",\"tipButtonLabel\":\"Show tip\",\"scoreBarLabel\":\"You got :num out of :total points\",\"progressText\":\"Progress :num of :total\"},\"subContentId\":\"6ef4f91d-d97f-4ec8-9251-db614de124a2\",\"metadata\":{\"contentType\":\"Summary\",\"license\":\"U\",\"title\":\"Untitled Summary\"}},\"displayAt\":3}},\"override\":{\"autoplay\":false,\"loop\":false,\"showBookmarksmenuOnLoad\":false,\"showRewind10\":false,\"preventSkipping\":false,\"deactivateSound\":false},\"l10n\":{\"interaction\":\"Interaction\",\"play\":\"Play\",\"pause\":\"Pause\",\"mute\":\"Mute\",\"unmute\":\"Unmute\",\"quality\":\"Video Quality\",\"captions\":\"Captions\",\"close\":\"Close\",\"fullscreen\":\"Fullscreen\",\"exitFullscreen\":\"Exit Fullscreen\",\"summary\":\"Open summary dialog\",\"bookmarks\":\"Bookmarks\",\"endscreen\":\"Submit screen\",\"defaultAdaptivitySeekLabel\":\"Continue\",\"continueWithVideo\":\"Continue with video\",\"playbackRate\":\"Playback Rate\",\"rewind10\":\"Rewind 10 Seconds\",\"navDisabled\":\"Navigation is disabled\",\"sndDisabled\":\"Sound is disabled\",\"requiresCompletionWarning\":\"You need to answer all the questions correctly before continuing.\",\"back\":\"Back\",\"hours\":\"Hours\",\"minutes\":\"Minutes\",\"seconds\":\"Seconds\",\"currentTime\":\"Current time:\",\"totalTime\":\"Total time:\",\"singleInteractionAnnouncement\":\"Interaction appeared:\",\"multipleInteractionsAnnouncement\":\"Multiple interactions appeared.\",\"videoPausedAnnouncement\":\"Video is paused\",\"content\":\"Content\",\"answered\":\"@answered answered\",\"endcardTitle\":\"@answered Question(s) answered\",\"endcardInformation\":\"You have answered @answered questions, click below to submit your answers.\",\"endcardInformationNoAnswers\":\"You have not answered any questions.\",\"endcardInformationMustHaveAnswer\":\"You have to answer at least one question before you can submit your answers.\",\"endcardSubmitButton\":\"Submit Answers\",\"endcardSubmitMessage\":\"Your answers have been submitted!\",\"endcardTableRowAnswered\":\"Answered questions\",\"endcardTableRowScore\":\"Score\",\"endcardAnsweredScore\":\"answered\",\"endCardTableRowSummaryWithScore\":\"You got @score out of @total points for the @question that appeared after @minutes minutes and @seconds seconds.\",\"endCardTableRowSummaryWithoutScore\":\"You have answered the @question that appeared after @minutes minutes and @seconds seconds.\"}}","slug":"about-curriki-interactive-video","embed_type":"div","disable":9,"content_type":null,"authors":null,"source":null,"year_from":null,"year_to":null,"license":"U","license_version":null,"license_extras":null,"author_comments":null,"changes":null,"default_language":null,"library_title":"H5P.InteractiveVideo","library_major_version":1,"library_minor_version":22}